Match Number,Round Number,Date,Location,Home Team,Away Team,Result
1,1,18/10/2022 16:30,TD Garden,Boston Celtics,Philadelphia 76ers,126 - 117
2,1,18/10/2022 19:00,Chase Center,Golden State Warriors,Los Angeles Lakers,123 - 109
3,1,19/10/2022 16:00,Little Caesars Arena,Detroit Pistons,Orlando Magic,113 - 109
4,1,19/10/2022 16:00,Gainbridge Fieldhouse,Indiana Pacers,Washington Wizards,107 - 114
5,1,19/10/2022 16:30,State Farm Arena,Atlanta Hawks,Houston Rockets,117 - 107
6,1,19/10/2022 16:30,Barclays Center,Brooklyn Nets,New Orleans Pelicans,108 - 130
7,1,19/10/2022 16:30,FTX Arena,Miami Heat,Chicago Bulls,108 - 116
8,1,19/10/2022 16:30,Scotiabank Arena,Toronto Raptors,Cleveland Cavaliers,108 - 105
9,1,19/10/2022 16:30,FedExForum,Memphis Grizzlies,New York Knicks,115 - 112
10,1,19/10/2022 17:00,Target Center,Minnesota Timberwolves,Oklahoma City Thunder,115 - 108
11,1,19/10/2022 17:00,AT&T Center,San Antonio Spurs,Charlotte Hornets,102 - 129
12,1,19/10/2022 18:00,Vivint Arena,Utah Jazz,Denver Nuggets,123 - 102
13,1,19/10/2022 19:00,Footprint Center,Phoenix Suns,Dallas Mavericks,107 - 105
14,1,19/10/2022 19:00,Golden 1 Center,Sacramento Kings,Portland Trail Blazers,108 - 115
15,1,20/10/2022 16:30,Wells Fargo Center,Philadelphia 76ers,Milwaukee Bucks,88 - 90
16,1,20/10/2022 19:00,Crypto.com Arena,Los Angeles Lakers,LA Clippers,97 - 103
17,1,21/10/2022 16:00,Spectrum Center,Charlotte Hornets,New Orleans Pelicans,112 - 124
18,1,21/10/2022 16:00,Gainbridge Fieldhouse,Indiana Pacers,San Antonio Spurs,134 - 137
19,1,21/10/2022 16:00,Capital One Arena,Washington Wizards,Chicago Bulls,102 - 100
20,1,21/10/2022 16:30,State Farm Arena,Atlanta Hawks,Orlando Magic,108 - 98
21,1,21/10/2022 16:30,Barclays Center,Brooklyn Nets,Toronto Raptors,109 - 105
22,1,21/10/2022 16:30,FTX Arena,Miami Heat,Boston Celtics,104 - 111
23,1,21/10/2022 16:30,Madison Square Garden,New York Knicks,Detroit Pistons,130 - 106
24,1,21/10/2022 17:00,Toyota Center,Houston Rockets,Memphis Grizzlies,122 - 129
25,1,21/10/2022 17:00,Target Center,Minnesota Timberwolves,Utah Jazz,126 - 132
26,1,21/10/2022 19:00,Chase Center,Golden State Warriors,Denver Nuggets,123 - 128
27,1,21/10/2022 19:00,Moda Center,Portland Trail Blazers,Phoenix Suns,113 - 111
28,1,22/10/2022 15:00,Wells Fargo Center,Philadelphia 76ers,San Antonio Spurs,105 - 114
29,1,22/10/2022 16:00,Gainbridge Fieldhouse,Indiana Pacers,Detroit Pistons,124 - 115
30,1,22/10/2022 16:00,Amway Center,Orlando Magic,Boston Celtics,120 - 126
31,1,22/10/2022 17:00,FTX Arena,Miami Heat,Toronto Raptors,112 - 109
32,1,22/10/2022 17:00,United Center,Chicago Bulls,Cleveland Cavaliers,96 - 128
33,1,22/10/2022 17:00,Fiserv Forum,Milwaukee Bucks,Houston Rockets,125 - 105
34,1,22/10/2022 17:30,American Airlines Center,Dallas Mavericks,Memphis Grizzlies,137 - 96
35,1,22/10/2022 18:00,Ball Arena,Denver Nuggets,Oklahoma City Thunder,122 - 117
36,1,22/10/2022 19:00,Golden 1 Center,Sacramento Kings,LA Clippers,109 - 111
37,1,23/10/2022 12:30,Crypto.com Arena,Los Angeles Lakers,Portland Trail Blazers,104 - 106
38,1,23/10/2022 14:00,State Farm Arena,Atlanta Hawks,Charlotte Hornets,109 - 126
39,1,23/10/2022 16:00,Rocket Mortgage FieldHouse,Cleveland Cavaliers,Washington Wizards,117 - 107
40,1,23/10/2022 16:00,Smoothie King Center,New Orleans Pelicans,Utah Jazz,121 - 122
41,1,23/10/2022 17:00,Paycom Center,Oklahoma City Thunder,Minnesota Timberwolves,106 - 116
42,1,23/10/2022 17:30,Chase Center,Golden State Warriors,Sacramento Kings,130 - 125
43,1,23/10/2022 19:00,Crypto.com Arena,LA Clippers,Phoenix Suns,95 - 112
44,1,24/10/2022 16:00,Wells Fargo Center,Philadelphia 76ers,Indiana Pacers,120 - 106
45,1,24/10/2022 16:30,FTX Arena,Miami Heat,Toronto Raptors,90 - 98
46,1,24/10/2022 16:30,Madison Square Garden,New York Knicks,Orlando Magic,115 - 102
47,1,24/10/2022 17:00,United Center,Chicago Bulls,Boston Celtics,120 - 102
48,1,24/10/2022 17:00,Toyota Center,Houston Rockets,Utah Jazz,114 - 108
49,1,24/10/2022 17:00,FedExForum,Memphis Grizzlies,Brooklyn Nets,134 - 124
50,1,24/10/2022 17:00,Target Center,Minnesota Timberwolves,San Antonio Spurs,106 - 115
51,1,24/10/2022 19:00,Moda Center,Portland Trail Blazers,Denver Nuggets,135 - 110
52,1,25/10/2022 16:00,Capital One Arena,Washington Wizards,Detroit Pistons,120 - 99
53,1,25/10/2022 16:30,Smoothie King Center,New Orleans Pelicans,Dallas Mavericks,113 - 111
54,1,25/10/2022 17:00,Paycom Center,Oklahoma City Thunder,LA Clippers,108 - 94
55,1,25/10/2022 19:00,Footprint Center,Phoenix Suns,Golden State Warriors,134 - 105
56,1,26/10/2022 16:00,Rocket Mortgage FieldHouse,Cleveland Cavaliers,Orlando Magic,103 - 92
57,1,26/10/2022 16:00,Little Caesars Arena,Detroit Pistons,Atlanta Hawks,113 - 118
58,1,26/10/2022 16:30,Madison Square Garden,New York Knicks,Charlotte Hornets,134 - 131
59,1,26/10/2022 16:30,Scotiabank Arena,Toronto Raptors,Philadelphia 76ers,119 - 109
60,1,26/10/2022 16:30,Fiserv Forum,Milwaukee Bucks,Brooklyn Nets,110 - 99
61,1,26/10/2022 17:00,United Center,Chicago Bulls,Indiana Pacers,124 - 109
62,1,26/10/2022 17:00,Target Center,Minnesota Timberwolves,San Antonio Spurs,134 - 122
63,1,26/10/2022 18:00,Vivint Arena,Utah Jazz,Houston Rockets,109 - 101
64,1,26/10/2022 19:00,Ball Arena,Denver Nuggets,Los Angeles Lakers,110 - 99
65,1,26/10/2022 19:00,Moda Center,Portland Trail Blazers,Miami Heat,98 - 119
66,2,27/10/2022 16:30,Barclays Center,Brooklyn Nets,Dallas Mavericks,125 - 129
67,2,27/10/2022 17:00,Paycom Center,Oklahoma City Thunder,LA Clippers,118 - 110
68,2,27/10/2022 19:00,Chase Center,Golden State Warriors,Miami Heat,123 - 110
69,2,27/10/2022 19:00,Golden 1 Center,Sacramento Kings,Memphis Grizzlies,110 - 125
70,2,28/10/2022 16:00,Little Caesars Arena,Detroit Pistons,Atlanta Hawks,112 - 136
71,2,28/10/2022 16:00,Amway Center,Orlando Magic,Charlotte Hornets,113 - 93
72,2,28/10/2022 16:30,TD Garden,Boston Celtics,Cleveland Cavaliers,123 - 132
73,2,28/10/2022 16:30,Scotiabank Arena,Toronto Raptors,Philadelphia 76ers,90 - 112
74,2,28/10/2022 16:30,Capital One Arena,Washington Wizards,Indiana Pacers,117 - 127
75,2,28/10/2022 17:00,Fiserv Forum,Milwaukee Bucks,New York Knicks,119 - 108
76,2,28/10/2022 17:00,Target Center,Minnesota Timberwolves,Los Angeles Lakers,111 - 102
77,2,28/10/2022 17:30,AT&T Center,San Antonio Spurs,Chicago Bulls,129 - 124
78,2,28/10/2022 18:00,Ball Arena,Denver Nuggets,Utah Jazz,117 - 101
79,2,28/10/2022 19:00,Footprint Center,Phoenix Suns,New Orleans Pelicans,124 - 111
80,2,28/10/2022 19:00,Moda Center,Portland Trail Blazers,Houston Rockets,125 - 111
81,2,29/10/2022 15:00,Golden 1 Center,Sacramento Kings,Miami Heat,119 - 113
82,2,29/10/2022 16:00,Spectrum Center,Charlotte Hornets,Golden State Warriors,120 - 113
83,2,29/10/2022 16:30,Barclays Center,Brooklyn Nets,Indiana Pacers,116 - 125
84,2,29/10/2022 17:00,United Center,Chicago Bulls,Philadelphia 76ers,109 - 114
85,2,29/10/2022 17:00,Fiserv Forum,Milwaukee Bucks,Atlanta Hawks,123 - 115
86,2,29/10/2022 18:00,American Airlines Center,Dallas Mavericks,Oklahoma City Thunder,111 - 117
87,2,29/10/2022 18:00,Vivint Arena,Utah Jazz,Memphis Grizzlies,124 - 123
88,2,30/10/2022 12:00,Crypto.com Arena,LA Clippers,New Orleans Pelicans,91 - 112
89,2,30/10/2022 15:00,TD Garden,Boston Celtics,Washington Wizards,112 - 94
90,2,30/10/2022 15:00,Rocket Mortgage FieldHouse,Cleveland Cavaliers,New York Knicks,121 - 108
91,2,30/10/2022 15:00,Little Caesars Arena,Detroit Pistons,Golden State Warriors,128 - 114
92,2,30/10/2022 16:00,AT&T Center,San Antonio Spurs,Minnesota Timberwolves,107 - 98
93,2,30/10/2022 16:30,American Airlines Center,Dallas Mavericks,Orlando Magic,114 - 105
94,2,30/10/2022 18:00,Footprint Center,Phoenix Suns,Houston Rockets,124 - 109
95,2,30/10/2022 18:30,Crypto.com Arena,Los Angeles Lakers,Denver Nuggets,121 - 110
96,2,31/10/2022 16:00,Spectrum Center,Charlotte Hornets,Sacramento Kings,108 - 115
97,2,31/10/2022 16:00,Capital One Arena,Washington Wizards,Philadelphia 76ers,111 - 118
98,2,31/10/2022 16:30,Barclays Center,Brooklyn Nets,Indiana Pacers,116 - 109
99,2,31/10/2022 16:30,Scotiabank Arena,Toronto Raptors,Atlanta Hawks,139 - 109
100,2,31/10/2022 17:00,Fiserv Forum,Milwaukee Bucks,Detroit Pistons,110 - 108
101,2,31/10/2022 18:00,Vivint Arena,Utah Jazz,Memphis Grizzlies,121 - 105
102,2,31/10/2022 19:30,Crypto.com Arena,LA Clippers,Houston Rockets,95 - 93
103,2,01/11/2022 16:30,Barclays Center,Brooklyn Nets,Chicago Bulls,99 - 108
104,2,01/11/2022 16:30,FTX Arena,Miami Heat,Golden State Warriors,116 - 109
105,2,01/11/2022 17:00,Paycom Center,Oklahoma City Thunder,Orlando Magic,116 - 108
106,2,01/11/2022 19:00,Footprint Center,Phoenix Suns,Minnesota Timberwolves,116 - 107
108,2,02/11/2022 15:00,Wells Fargo Center,Philadelphia 76ers,Washington Wizards,111 - 121
107,2,02/11/2022 16:30,Rocket Mortgage FieldHouse,Cleveland Cavaliers,Boston Celtics,114 - 113
109,2,02/11/2022 16:30,FTX Arena,Miami Heat,Sacramento Kings,110 - 107
110,2,02/11/2022 16:30,Madison Square Garden,New York Knicks,Atlanta Hawks,99 - 112
111,2,02/11/2022 17:00,United Center,Chicago Bulls,Charlotte Hornets,106 - 88
112,2,02/11/2022 17:00,Toyota Center,Houston Rockets,LA Clippers,101 - 109
113,2,02/11/2022 17:00,Fiserv Forum,Milwaukee Bucks,Detroit Pistons,116 - 91
114,2,02/11/2022 17:00,AT&T Center,San Antonio Spurs,Toronto Raptors,100 - 143
115,2,02/11/2022 17:30,American Airlines Center,Dallas Mavericks,Utah Jazz,103 - 100
116,2,02/11/2022 19:00,Moda Center,Portland Trail Blazers,Memphis Grizzlies,106 - 111
117,2,02/11/2022 19:30,Crypto.com Arena,Los Angeles Lakers,New Orleans Pelicans,120 - 117
118,3,03/11/2022 16:00,Amway Center,Orlando Magic,Golden State Warriors,130 - 129
119,3,03/11/2022 17:00,Paycom Center,Oklahoma City Thunder,Denver Nuggets,110 - 122
120,3,04/11/2022 16:00,Little Caesars Arena,Detroit Pistons,Cleveland Cavaliers,88 - 112
121,3,04/11/2022 16:00,Gainbridge Fieldhouse,Indiana Pacers,Miami Heat,101 - 99
122,3,04/11/2022 16:00,Wells Fargo Center,Philadelphia 76ers,New York Knicks,104 - 106
123,3,04/11/2022 16:00,Capital One Arena,Washington Wizards,Brooklyn Nets,86 - 128
124,3,04/11/2022 16:30,TD Garden,Boston Celtics,Chicago Bulls,123 - 119
125,3,04/11/2022 17:00,FedExForum,Memphis Grizzlies,Charlotte Hornets,130 - 99
126,3,04/11/2022 17:00,AT&T Center,San Antonio Spurs,LA Clippers,106 - 113
127,3,04/11/2022 17:30,American Airlines Center,Dallas Mavericks,Toronto Raptors,111 - 110
128,3,04/11/2022 17:30,Smoothie King Center,New Orleans Pelicans,Golden State Warriors,114 - 105
129,3,04/11/2022 19:00,Target Center,Minnesota Timberwolves,Milwaukee Bucks,102 - 115
130,3,04/11/2022 19:00,Footprint Center,Phoenix Suns,Portland Trail Blazers,106 - 108
131,3,04/11/2022 19:30,Crypto.com Arena,Los Angeles Lakers,Utah Jazz,116 - 130
132,3,05/11/2022 14:00,Amway Center,Orlando Magic,Sacramento Kings,123 - 126
133,3,05/11/2022 16:00,Spectrum Center,Charlotte Hornets,Brooklyn Nets,94 - 98
134,3,05/11/2022 16:30,State Farm Arena,Atlanta Hawks,New Orleans Pelicans,124 - 121
135,3,05/11/2022 16:30,Madison Square Garden,New York Knicks,Boston Celtics,118 - 133
136,3,05/11/2022 17:00,Fiserv Forum,Milwaukee Bucks,Oklahoma City Thunder,108 - 94
137,3,05/11/2022 17:00,Target Center,Minnesota Timberwolves,Houston Rockets,129 - 117
138,3,05/11/2022 18:00,Ball Arena,Denver Nuggets,San Antonio Spurs,126 - 101
139,3,05/11/2022 19:00,Footprint Center,Phoenix Suns,Portland Trail Blazers,102 - 82
140,3,06/11/2022 12:30,Crypto.com Arena,Los Angeles Lakers,Cleveland Cavaliers,100 - 114
141,3,06/11/2022 15:00,Scotiabank Arena,Toronto Raptors,Chicago Bulls,113 - 104
142,3,06/11/2022 15:00,FedExForum,Memphis Grizzlies,Washington Wizards,103 - 97
143,3,06/11/2022 19:00,Crypto.com Arena,LA Clippers,Utah Jazz,102 - 110
144,3,07/11/2022 16:00,Spectrum Center,Charlotte Hornets,Washington Wizards,100 - 108
145,3,07/11/2022 16:13,Amway Center,Orlando Magic,Houston Rockets,127 - 134
146,3,07/11/2022 16:30,Little Caesars Arena,Detroit Pistons,Oklahoma City Thunder,112 - 103
147,3,07/11/2022 16:45,Gainbridge Fieldhouse,Indiana Pacers,New Orleans Pelicans,129 - 122
148,3,07/11/2022 17:00,Wells Fargo Center,Philadelphia 76ers,Phoenix Suns,100 - 88
149,3,07/11/2022 17:13,State Farm Arena,Atlanta Hawks,Milwaukee Bucks,117 - 98
150,3,07/11/2022 17:30,FTX Arena,Miami Heat,Portland Trail Blazers,107 - 110
151,3,07/11/2022 17:45,United Center,Chicago Bulls,Toronto Raptors,111 - 97
152,3,07/11/2022 18:00,FedExForum,Memphis Grizzlies,Boston Celtics,106 - 109
153,3,07/11/2022 18:13,Target Center,Minnesota Timberwolves,New York Knicks,107 - 120
154,3,07/11/2022 18:30,AT&T Center,San Antonio Spurs,Denver Nuggets,109 - 115
155,3,07/11/2022 18:45,American Airlines Center,Dallas Mavericks,Brooklyn Nets,96 - 94
156,3,07/11/2022 19:00,Chase Center,Golden State Warriors,Sacramento Kings,116 - 113
157,3,07/11/2022 19:13,Vivint Arena,Utah Jazz,Los Angeles Lakers,139 - 116
158,3,07/11/2022 19:30,Crypto.com Arena,LA Clippers,Cleveland Cavaliers,119 - 117
161,3,09/11/2022 14:30,Amway Center,Orlando Magic,Dallas Mavericks,94 - 87
159,3,09/11/2022 16:00,Spectrum Center,Charlotte Hornets,Portland Trail Blazers,95 - 105
160,3,09/11/2022 16:00,Gainbridge Fieldhouse,Indiana Pacers,Denver Nuggets,119 - 122
162,3,09/11/2022 16:30,State Farm Arena,Atlanta Hawks,Utah Jazz,119 - 125
163,3,09/11/2022 16:30,TD Garden,Boston Celtics,Detroit Pistons,128 - 112
164,3,09/11/2022 16:30,Barclays Center,Brooklyn Nets,New York Knicks,112 - 85
165,3,09/11/2022 16:30,Scotiabank Arena,Toronto Raptors,Houston Rockets,116 - 109
166,3,09/11/2022 17:00,United Center,Chicago Bulls,New Orleans Pelicans,111 - 115
167,3,09/11/2022 17:00,Target Center,Minnesota Timberwolves,Phoenix Suns,117 - 129
168,3,09/11/2022 17:00,Paycom Center,Oklahoma City Thunder,Milwaukee Bucks,132 - 136
169,3,09/11/2022 17:00,AT&T Center,San Antonio Spurs,Memphis Grizzlies,122 - 124
170,3,09/11/2022 19:00,Crypto.com Arena,LA Clippers,Los Angeles Lakers,114 - 101
171,3,09/11/2022 19:00,Golden 1 Center,Sacramento Kings,Cleveland Cavaliers,127 - 120
172,4,10/11/2022 16:00,Capital One Arena,Washington Wizards,Dallas Mavericks,113 - 105
173,4,10/11/2022 16:30,State Farm Arena,Atlanta Hawks,Philadelphia 76ers,104 - 95
174,4,10/11/2022 16:30,FTX Arena,Miami Heat,Charlotte Hornets,117 - 112
175,4,10/11/2022 17:00,Smoothie King Center,New Orleans Pelicans,Portland Trail Blazers,95 - 106
176,4,11/11/2022 16:00,TD Garden,Boston Celtics,Denver Nuggets,131 - 112
177,4,11/11/2022 16:00,Amway Center,Orlando Magic,Phoenix Suns,114 - 97
178,4,11/11/2022 16:30,Madison Square Garden,New York Knicks,Detroit Pistons,121 - 112
179,4,11/11/2022 17:00,Paycom Center,Oklahoma City Thunder,Toronto Raptors,132 - 113
180,4,11/11/2022 17:00,AT&T Center,San Antonio Spurs,Milwaukee Bucks,111 - 93
181,4,11/11/2022 18:30,FedExForum,Memphis Grizzlies,Minnesota Timberwolves,114 - 103
182,4,11/11/2022 19:00,Chase Center,Golden State Warriors,Cleveland Cavaliers,106 - 101
183,4,11/11/2022 19:30,Crypto.com Arena,Los Angeles Lakers,Sacramento Kings,114 - 120
184,4,12/11/2022 13:00,Crypto.com Arena,LA Clippers,Brooklyn Nets,95 - 110
185,4,12/11/2022 15:00,Capital One Arena,Washington Wizards,Utah Jazz,121 - 112
186,4,12/11/2022 16:00,Little Caesars Arena,Detroit Pistons,Boston Celtics,108 - 117
187,4,12/11/2022 16:00,Gainbridge Fieldhouse,Indiana Pacers,Toronto Raptors,118 - 104
188,4,12/11/2022 16:30,Wells Fargo Center,Philadelphia 76ers,Atlanta Hawks,121 - 109
189,4,12/11/2022 17:00,FTX Arena,Miami Heat,Charlotte Hornets,132 - 115
190,4,12/11/2022 17:30,American Airlines Center,Dallas Mavericks,Portland Trail Blazers,117 - 112
191,4,12/11/2022 17:30,Smoothie King Center,New Orleans Pelicans,Houston Rockets,119 - 106
192,4,13/11/2022 09:00,Madison Square Garden,New York Knicks,Oklahoma City Thunder,135 - 145
193,4,13/11/2022 15:00,Rocket Mortgage FieldHouse,Cleveland Cavaliers,Minnesota Timberwolves,124 - 129
194,4,13/11/2022 15:00,Capital One Arena,Washington Wizards,Memphis Grizzlies,102 - 92
195,4,13/11/2022 16:30,Wells Fargo Center,Philadelphia 76ers,Utah Jazz,105 - 98
196,4,13/11/2022 17:00,United Center,Chicago Bulls,Denver Nuggets,103 - 126
197,4,13/11/2022 18:00,Golden 1 Center,Sacramento Kings,Golden State Warriors,122 - 115
198,4,13/11/2022 18:30,Crypto.com Arena,Los Angeles Lakers,Brooklyn Nets,116 - 103
199,4,14/11/2022 16:00,Little Caesars Arena,Detroit Pistons,Toronto Raptors,111 - 115
200,4,14/11/2022 16:00,Amway Center,Orlando Magic,Charlotte Hornets,105 - 112
201,4,14/11/2022 16:30,TD Garden,Boston Celtics,Oklahoma City Thunder,126 - 122
202,4,14/11/2022 16:30,FTX Arena,Miami Heat,Phoenix Suns,113 - 112
203,4,14/11/2022 17:00,Toyota Center,Houston Rockets,LA Clippers,106 - 122
204,4,14/11/2022 17:00,Fiserv Forum,Milwaukee Bucks,Atlanta Hawks,106 - 121
205,4,14/11/2022 19:00,Chase Center,Golden State Warriors,San Antonio Spurs,132 - 95
206,4,15/11/2022 16:30,Smoothie King Center,New Orleans Pelicans,Memphis Grizzlies,113 - 102
207,4,15/11/2022 17:30,American Airlines Center,Dallas Mavericks,LA Clippers,103 - 101
208,4,15/11/2022 18:00,Vivint Arena,Utah Jazz,New York Knicks,111 - 118
209,4,15/11/2022 19:00,Moda Center,Portland Trail Blazers,San Antonio Spurs,117 - 110
210,4,15/11/2022 19:00,Golden 1 Center,Sacramento Kings,Brooklyn Nets,153 - 121
211,4,16/11/2022 16:00,Spectrum Center,Charlotte Hornets,Indiana Pacers,113 - 125
212,4,16/11/2022 16:00,Amway Center,Orlando Magic,Minnesota Timberwolves,108 - 126
213,4,16/11/2022 16:00,Capital One Arena,Washington Wizards,Oklahoma City Thunder,120 - 121
214,4,16/11/2022 16:30,State Farm Arena,Atlanta Hawks,Boston Celtics,101 - 126
215,4,16/11/2022 16:30,Scotiabank Arena,Toronto Raptors,Miami Heat,112 - 104
216,4,16/11/2022 17:00,Fiserv Forum,Milwaukee Bucks,Cleveland Cavaliers,113 - 98
217,4,16/11/2022 17:00,Smoothie King Center,New Orleans Pelicans,Chicago Bulls,124 - 110
218,4,16/11/2022 17:30,American Airlines Center,Dallas Mavericks,Houston Rockets,92 - 101
219,4,16/11/2022 19:00,Ball Arena,Denver Nuggets,New York Knicks,103 - 106
220,4,16/11/2022 19:00,Footprint Center,Phoenix Suns,Golden State Warriors,130 - 119
221,5,17/11/2022 19:00,Moda Center,Portland Trail Blazers,Brooklyn Nets,107 - 109
222,5,17/11/2022 19:00,Golden 1 Center,Sacramento Kings,San Antonio Spurs,130 - 112
223,5,17/11/2022 19:30,Crypto.com Arena,LA Clippers,Detroit Pistons,96 - 91
224,5,18/11/2022 16:00,Capital One Arena,Washington Wizards,Miami Heat,107 - 106
225,5,18/11/2022 16:30,Rocket Mortgage FieldHouse,Cleveland Cavaliers,Charlotte Hornets,132 - 122
226,5,18/11/2022 16:30,Wells Fargo Center,Philadelphia 76ers,Milwaukee Bucks,110 - 102
227,5,18/11/2022 17:00,United Center,Chicago Bulls,Orlando Magic,107 - 108
228,5,18/11/2022 17:00,Toyota Center,Houston Rockets,Indiana Pacers,91 - 99
229,5,18/11/2022 17:00,FedExForum,Memphis Grizzlies,Oklahoma City Thunder,121 - 110
230,5,18/11/2022 17:30,American Airlines Center,Dallas Mavericks,Denver Nuggets,127 - 99
231,5,18/11/2022 17:30,Smoothie King Center,New Orleans Pelicans,Boston Celtics,109 - 117
232,5,18/11/2022 18:00,Vivint Arena,Utah Jazz,Phoenix Suns,134 - 133
233,5,18/11/2022 19:00,Chase Center,Golden State Warriors,New York Knicks,111 - 101
234,5,18/11/2022 19:30,Crypto.com Arena,Los Angeles Lakers,Detroit Pistons,128 - 121
235,5,19/11/2022 15:00,State Farm Arena,Atlanta Hawks,Toronto Raptors,124 - 122
236,5,19/11/2022 16:00,Gainbridge Fieldhouse,Indiana Pacers,Orlando Magic,114 - 113
237,5,19/11/2022 16:30,Wells Fargo Center,Philadelphia 76ers,Minnesota Timberwolves,109 - 112
238,5,19/11/2022 19:00,Moda Center,Portland Trail Blazers,Utah Jazz,113 - 118
239,5,19/11/2022 19:30,Crypto.com Arena,LA Clippers,San Antonio Spurs,119 - 97
240,5,20/11/2022 12:30,Footprint Center,Phoenix Suns,New York Knicks,116 - 95
241,5,20/11/2022 15:00,Capital One Arena,Washington Wizards,Charlotte Hornets,106 - 102
242,5,20/11/2022 15:00,Golden 1 Center,Sacramento Kings,Detroit Pistons,137 - 129
243,5,20/11/2022 16:00,Barclays Center,Brooklyn Nets,Memphis Grizzlies,127 - 115
244,5,20/11/2022 16:00,Rocket Mortgage FieldHouse,Cleveland Cavaliers,Miami Heat,113 - 87
245,5,20/11/2022 16:00,Toyota Center,Houston Rockets,Golden State Warriors,120 - 127
246,5,20/11/2022 16:30,American Airlines Center,Dallas Mavericks,Denver Nuggets,97 - 98
247,5,20/11/2022 18:30,Crypto.com Arena,Los Angeles Lakers,San Antonio Spurs,123 - 92
248,5,21/11/2022 16:00,Rocket Mortgage FieldHouse,Cleveland Cavaliers,Atlanta Hawks,114 - 102
249,5,21/11/2022 16:00,Gainbridge Fieldhouse,Indiana Pacers,Orlando Magic,123 - 102
250,5,21/11/2022 17:00,United Center,Chicago Bulls,Boston Celtics,121 - 107
251,5,21/11/2022 17:00,Fiserv Forum,Milwaukee Bucks,Portland Trail Blazers,119 - 111
252,5,21/11/2022 17:00,Target Center,Minnesota Timberwolves,Miami Heat,105 - 101
253,5,21/11/2022 17:00,Smoothie King Center,New Orleans Pelicans,Golden State Warriors,128 - 83
254,5,21/11/2022 17:00,Paycom Center,Oklahoma City Thunder,New York Knicks,119 - 129
255,5,21/11/2022 19:30,Crypto.com Arena,LA Clippers,Utah Jazz,121 - 114
256,5,22/11/2022 16:30,Wells Fargo Center,Philadelphia 76ers,Brooklyn Nets,115 - 106
257,5,22/11/2022 17:00,FedExForum,Memphis Grizzlies,Sacramento Kings,109 - 113
258,5,22/11/2022 18:00,Ball Arena,Denver Nuggets,Detroit Pistons,108 - 110
259,5,22/11/2022 19:00,Footprint Center,Phoenix Suns,Los Angeles Lakers,115 - 105
260,5,23/11/2022 16:00,Spectrum Center,Charlotte Hornets,Philadelphia 76ers,107 - 101
261,5,23/11/2022 16:00,Rocket Mortgage FieldHouse,Cleveland Cavaliers,Portland Trail Blazers,114 - 96
262,5,23/11/2022 16:00,Gainbridge Fieldhouse,Indiana Pacers,Minnesota Timberwolves,101 - 115
263,5,23/11/2022 16:30,State Farm Arena,Atlanta Hawks,Sacramento Kings,115 - 106
264,5,23/11/2022 16:30,TD Garden,Boston Celtics,Dallas Mavericks,125 - 112
265,5,23/11/2022 16:30,FTX Arena,Miami Heat,Washington Wizards,113 - 105
266,5,23/11/2022 16:30,Scotiabank Arena,Toronto Raptors,Brooklyn Nets,98 - 112
267,5,23/11/2022 17:00,Fiserv Forum,Milwaukee Bucks,Chicago Bulls,113 - 118
268,5,23/11/2022 17:00,Paycom Center,Oklahoma City Thunder,Denver Nuggets,126 - 131
269,5,23/11/2022 17:00,AT&T Center,San Antonio Spurs,New Orleans Pelicans,110 - 129
270,5,23/11/2022 18:00,Vivint Arena,Utah Jazz,Detroit Pistons,116 - 125
271,5,23/11/2022 19:00,Chase Center,Golden State Warriors,LA Clippers,124 - 107
272,6,25/11/2022 14:00,Spectrum Center,Charlotte Hornets,Minnesota Timberwolves,110 - 108
273,6,25/11/2022 16:00,Amway Center,Orlando Magic,Philadelphia 76ers,99 - 107
274,6,25/11/2022 16:30,Madison Square Garden,New York Knicks,Portland Trail Blazers,129 - 132
275,6,25/11/2022 17:00,TD Garden,Boston Celtics,Sacramento Kings,122 - 104
276,6,25/11/2022 17:00,Gainbridge Fieldhouse,Indiana Pacers,Brooklyn Nets,128 - 117
277,6,25/11/2022 17:00,FTX Arena,Miami Heat,Washington Wizards,110 - 107
278,6,25/11/2022 17:00,Toyota Center,Houston Rockets,Atlanta Hawks,128 - 122
279,6,25/11/2022 17:00,FedExForum,Memphis Grizzlies,New Orleans Pelicans,132 - 111
280,6,25/11/2022 17:00,Fiserv Forum,Milwaukee Bucks,Cleveland Cavaliers,117 - 102
281,6,25/11/2022 17:00,Paycom Center,Oklahoma City Thunder,Chicago Bulls,123 - 119
282,6,25/11/2022 17:00,AT&T Center,San Antonio Spurs,Los Angeles Lakers,94 - 105
283,6,25/11/2022 18:00,Footprint Center,Phoenix Suns,Detroit Pistons,108 - 102
284,6,25/11/2022 19:00,Chase Center,Golden State Warriors,Utah Jazz,129 - 118
285,6,25/11/2022 19:30,Crypto.com Arena,LA Clippers,Denver Nuggets,104 - 114
286,6,26/11/2022 14:00,Scotiabank Arena,Toronto Raptors,Dallas Mavericks,105 - 100
287,6,26/11/2022 17:00,Toyota Center,Houston Rockets,Oklahoma City Thunder,118 - 105
288,6,26/11/2022 17:00,AT&T Center,San Antonio Spurs,Los Angeles Lakers,138 - 143
289,6,26/11/2022 18:00,Footprint Center,Phoenix Suns,Utah Jazz,113 - 112
290,6,27/11/2022 12:00,Barclays Center,Brooklyn Nets,Portland Trail Blazers,111 - 97
291,6,27/11/2022 12:30,Target Center,Minnesota Timberwolves,Golden State Warriors,114 - 137
292,6,27/11/2022 13:00,Crypto.com Arena,LA Clippers,Indiana Pacers,114 - 100
293,6,27/11/2022 14:00,State Farm Arena,Atlanta Hawks,Miami Heat,98 - 106
294,6,27/11/2022 15:00,TD Garden,Boston Celtics,Washington Wizards,130 - 121
295,6,27/11/2022 15:00,Little Caesars Arena,Detroit Pistons,Cleveland Cavaliers,94 - 102
296,6,27/11/2022 15:00,Madison Square Garden,New York Knicks,Memphis Grizzlies,123 - 127
297,6,27/11/2022 15:00,Amway Center,Orlando Magic,Philadelphia 76ers,103 - 133
298,6,27/11/2022 17:00,Fiserv Forum,Milwaukee Bucks,Dallas Mavericks,124 - 115
299,6,28/11/2022 16:00,Wells Fargo Center,Philadelphia 76ers,Atlanta Hawks,104 - 101
300,6,28/11/2022 16:00,Capital One Arena,Washington Wizards,Minnesota Timberwolves,142 - 127
301,6,28/11/2022 16:30,TD Garden,Boston Celtics,Charlotte Hornets,140 - 105
302,6,28/11/2022 16:30,Barclays Center,Brooklyn Nets,Orlando Magic,109 - 102
303,6,28/11/2022 16:30,Scotiabank Arena,Toronto Raptors,Cleveland Cavaliers,100 - 88
304,6,28/11/2022 17:00,Smoothie King Center,New Orleans Pelicans,Oklahoma City Thunder,105 - 101
305,6,28/11/2022 18:00,Ball Arena,Denver Nuggets,Houston Rockets,129 - 113
306,6,28/11/2022 18:00,Vivint Arena,Utah Jazz,Chicago Bulls,107 - 114
307,6,28/11/2022 19:00,Golden 1 Center,Sacramento Kings,Phoenix Suns,117 - 122
308,6,28/11/2022 19:30,Crypto.com Arena,Los Angeles Lakers,Indiana Pacers,115 - 116
309,6,29/11/2022 16:00,Little Caesars Arena,Detroit Pistons,New York Knicks,110 - 140
310,6,29/11/2022 16:30,American Airlines Center,Dallas Mavericks,Golden State Warriors,116 - 113
311,6,29/11/2022 19:00,Moda Center,Portland Trail Blazers,LA Clippers,112 - 118
312,6,30/11/2022 16:00,Rocket Mortgage FieldHouse,Cleveland Cavaliers,Philadelphia 76ers,113 - 85
313,6,30/11/2022 16:00,Amway Center,Orlando Magic,Atlanta Hawks,108 - 125
314,6,30/11/2022 16:30,TD Garden,Boston Celtics,Miami Heat,134 - 121
315,6,30/11/2022 16:30,Barclays Center,Brooklyn Nets,Washington Wizards,113 - 107
316,6,30/11/2022 16:30,Madison Square Garden,New York Knicks,Milwaukee Bucks,103 - 109
317,6,30/11/2022 17:00,Target Center,Minnesota Timberwolves,Memphis Grizzlies,109 - 101
318,6,30/11/2022 17:00,Smoothie King Center,New Orleans Pelicans,Toronto Raptors,126 - 108
319,6,30/11/2022 17:00,Paycom Center,Oklahoma City Thunder,San Antonio Spurs,119 - 111
320,6,30/11/2022 18:00,Ball Arena,Denver Nuggets,Houston Rockets,120 - 100
321,6,30/11/2022 18:00,Footprint Center,Phoenix Suns,Chicago Bulls,132 - 113
322,6,30/11/2022 18:00,Vivint Arena,Utah Jazz,LA Clippers,125 - 112
323,6,30/11/2022 19:00,Golden 1 Center,Sacramento Kings,Indiana Pacers,137 - 114
324,6,30/11/2022 19:30,Crypto.com Arena,Los Angeles Lakers,Portland Trail Blazers,128 - 109
325,7,01/12/2022 16:00,Little Caesars Arena,Detroit Pistons,Dallas Mavericks,131 - 125
326,7,02/12/2022 16:00,Spectrum Center,Charlotte Hornets,Washington Wizards,117 - 116
327,7,02/12/2022 16:30,State Farm Arena,Atlanta Hawks,Denver Nuggets,117 - 109
328,7,02/12/2022 16:30,TD Garden,Boston Celtics,Miami Heat,116 - 120
329,7,02/12/2022 16:30,Barclays Center,Brooklyn Nets,Toronto Raptors,114 - 105
330,7,02/12/2022 16:30,Rocket Mortgage FieldHouse,Cleveland Cavaliers,Orlando Magic,107 - 96
331,7,02/12/2022 16:30,Fiserv Forum,Milwaukee Bucks,Los Angeles Lakers,129 - 133
332,7,02/12/2022 17:00,FedExForum,Memphis Grizzlies,Philadelphia 76ers,117 - 109
333,7,02/12/2022 17:00,AT&T Center,San Antonio Spurs,New Orleans Pelicans,99 - 117
334,7,02/12/2022 18:00,Footprint Center,Phoenix Suns,Houston Rockets,121 - 122
335,7,02/12/2022 18:00,Vivint Arena,Utah Jazz,Indiana Pacers,139 - 119
336,7,02/12/2022 19:00,Chase Center,Golden State Warriors,Chicago Bulls,119 - 111
337,7,03/12/2022 09:30,Madison Square Garden,New York Knicks,Dallas Mavericks,100 - 121
338,7,03/12/2022 13:00,Crypto.com Arena,LA Clippers,Sacramento Kings,96 - 123
339,7,03/12/2022 15:00,Spectrum Center,Charlotte Hornets,Milwaukee Bucks,96 - 105
340,7,03/12/2022 17:00,Scotiabank Arena,Toronto Raptors,Orlando Magic,121 - 108
341,7,03/12/2022 17:00,Target Center,Minnesota Timberwolves,Oklahoma City Thunder,128 - 135
342,7,03/12/2022 17:30,Chase Center,Golden State Warriors,Houston Rockets,120 - 101
343,7,03/12/2022 18:00,Vivint Arena,Utah Jazz,Portland Trail Blazers,111 - 116
344,7,04/12/2022 12:30,Smoothie King Center,New Orleans Pelicans,Denver Nuggets,121 - 106
345,7,04/12/2022 13:00,AT&T Center,San Antonio Spurs,Phoenix Suns,95 - 133
346,7,04/12/2022 15:00,Barclays Center,Brooklyn Nets,Boston Celtics,92 - 103
347,7,04/12/2022 15:00,Little Caesars Arena,Detroit Pistons,Memphis Grizzlies,112 - 122
348,7,04/12/2022 15:00,Madison Square Garden,New York Knicks,Cleveland Cavaliers,92 - 81
349,7,04/12/2022 15:00,Capital One Arena,Washington Wizards,Los Angeles Lakers,119 - 130
350,7,04/12/2022 15:00,Golden 1 Center,Sacramento Kings,Chicago Bulls,110 - 101
351,7,04/12/2022 18:00,Moda Center,Portland Trail Blazers,Indiana Pacers,116 - 100
352,7,05/12/2022 16:00,Spectrum Center,Charlotte Hornets,LA Clippers,117 - 119
353,7,05/12/2022 16:00,Amway Center,Orlando Magic,Milwaukee Bucks,102 - 109
354,7,05/12/2022 16:30,State Farm Arena,Atlanta Hawks,Oklahoma City Thunder,114 - 121
355,7,05/12/2022 16:30,Scotiabank Arena,Toronto Raptors,Boston Celtics,110 - 116
356,7,05/12/2022 17:00,Toyota Center,Houston Rockets,Philadelphia 76ers,132 - 123
357,7,05/12/2022 17:00,FedExForum,Memphis Grizzlies,Miami Heat,101 - 93
358,7,05/12/2022 17:30,American Airlines Center,Dallas Mavericks,Phoenix Suns,130 - 111
359,7,05/12/2022 19:00,Chase Center,Golden State Warriors,Indiana Pacers,104 - 112
360,7,06/12/2022 16:30,Rocket Mortgage FieldHouse,Cleveland Cavaliers,Los Angeles Lakers,116 - 102
361,7,06/12/2022 16:30,FTX Arena,Miami Heat,Detroit Pistons,96 - 116
362,7,06/12/2022 19:00,Ball Arena,Denver Nuggets,Dallas Mavericks,115 - 116
363,7,07/12/2022 16:00,Amway Center,Orlando Magic,LA Clippers,116 - 111
364,7,07/12/2022 16:30,Barclays Center,Brooklyn Nets,Charlotte Hornets,122 - 116
365,7,07/12/2022 16:30,Madison Square Garden,New York Knicks,Atlanta Hawks,113 - 89
366,7,07/12/2022 16:30,Scotiabank Arena,Toronto Raptors,Los Angeles Lakers,126 - 113
367,7,07/12/2022 17:00,United Center,Chicago Bulls,Washington Wizards,115 - 111
368,7,07/12/2022 17:00,FedExForum,Memphis Grizzlies,Oklahoma City Thunder,123 - 102
369,7,07/12/2022 17:00,Fiserv Forum,Milwaukee Bucks,Sacramento Kings,126 - 113
370,7,07/12/2022 17:00,Target Center,Minnesota Timberwolves,Indiana Pacers,121 - 115
371,7,07/12/2022 17:00,Smoothie King Center,New Orleans Pelicans,Detroit Pistons,104 - 98
372,7,07/12/2022 18:00,Vivint Arena,Utah Jazz,Golden State Warriors,124 - 123
373,7,07/12/2022 19:00,Footprint Center,Phoenix Suns,Boston Celtics,98 - 125
374,8,08/12/2022 16:30,FTX Arena,Miami Heat,LA Clippers,115 - 110
375,8,08/12/2022 17:30,AT&T Center,San Antonio Spurs,Houston Rockets,118 - 109
376,8,08/12/2022 19:00,Moda Center,Portland Trail Blazers,Denver Nuggets,120 - 121
377,8,09/12/2022 16:00,Spectrum Center,Charlotte Hornets,New York Knicks,102 - 121
378,8,09/12/2022 16:00,Gainbridge Fieldhouse,Indiana Pacers,Washington Wizards,121 - 111
379,8,09/12/2022 16:00,Amway Center,Orlando Magic,Toronto Raptors,113 - 109
380,8,09/12/2022 16:30,Barclays Center,Brooklyn Nets,Atlanta Hawks,120 - 116
381,8,09/12/2022 16:30,Rocket Mortgage FieldHouse,Cleveland Cavaliers,Sacramento Kings,95 - 106
382,8,09/12/2022 16:30,Wells Fargo Center,Philadelphia 76ers,Los Angeles Lakers,133 - 122
383,8,09/12/2022 17:00,FedExForum,Memphis Grizzlies,Detroit Pistons,114 - 103
384,8,09/12/2022 17:30,Smoothie King Center,New Orleans Pelicans,Phoenix Suns,128 - 117
385,8,09/12/2022 18:00,Vivint Arena,Utah Jazz,Minnesota Timberwolves,108 - 118
386,8,09/12/2022 19:00,American Airlines Center,Dallas Mavericks,Milwaukee Bucks,105 - 106
387,8,10/12/2022 14:00,FTX Arena,Miami Heat,San Antonio Spurs,111 - 115
388,8,10/12/2022 16:00,Gainbridge Fieldhouse,Indiana Pacers,Brooklyn Nets,133 - 136
389,8,10/12/2022 16:00,Capital One Arena,Washington Wizards,LA Clippers,107 - 114
390,8,10/12/2022 16:30,Rocket Mortgage FieldHouse,Cleveland Cavaliers,Oklahoma City Thunder,110 - 102
391,8,10/12/2022 17:00,United Center,Chicago Bulls,Dallas Mavericks,144 - 115
392,8,10/12/2022 17:30,Chase Center,Golden State Warriors,Boston Celtics,123 - 107
393,8,10/12/2022 18:00,Ball Arena,Denver Nuggets,Utah Jazz,115 - 110
394,8,10/12/2022 19:00,Moda Center,Portland Trail Blazers,Minnesota Timberwolves,124 - 118
395,8,11/12/2022 12:30,Smoothie King Center,New Orleans Pelicans,Phoenix Suns,129 - 124
396,8,11/12/2022 15:00,Little Caesars Arena,Detroit Pistons,Los Angeles Lakers,117 - 124
397,8,11/12/2022 15:00,Madison Square Garden,New York Knicks,Sacramento Kings,112 - 99
398,8,11/12/2022 15:00,Amway Center,Orlando Magic,Toronto Raptors,111 - 99
399,8,11/12/2022 15:00,Wells Fargo Center,Philadelphia 76ers,Charlotte Hornets,131 - 113
400,8,11/12/2022 15:30,State Farm Arena,Atlanta Hawks,Chicago Bulls,123 - 122
401,8,11/12/2022 16:00,Toyota Center,Houston Rockets,Milwaukee Bucks,97 - 92
402,8,12/12/2022 16:00,Gainbridge Fieldhouse,Indiana Pacers,Miami Heat,82 - 87
403,8,12/12/2022 16:00,Capital One Arena,Washington Wizards,Brooklyn Nets,100 - 112
404,8,12/12/2022 17:00,FedExForum,Memphis Grizzlies,Atlanta Hawks,128 - 103
405,8,12/12/2022 17:30,American Airlines Center,Dallas Mavericks,Oklahoma City Thunder,121 - 114
406,8,12/12/2022 17:30,AT&T Center,San Antonio Spurs,Cleveland Cavaliers,112 - 111
407,8,12/12/2022 19:00,Moda Center,Portland Trail Blazers,Minnesota Timberwolves,133 - 112
408,8,12/12/2022 19:30,Crypto.com Arena,LA Clippers,Boston Celtics,113 - 93
409,8,13/12/2022 16:00,Wells Fargo Center,Philadelphia 76ers,Sacramento Kings,123 - 103
410,8,13/12/2022 16:30,Fiserv Forum,Milwaukee Bucks,Golden State Warriors,128 - 111
411,8,13/12/2022 17:00,Toyota Center,Houston Rockets,Phoenix Suns,111 - 97
412,8,13/12/2022 18:00,Vivint Arena,Utah Jazz,New Orleans Pelicans,121 - 100
413,8,13/12/2022 19:00,Crypto.com Arena,Los Angeles Lakers,Boston Celtics,118 - 122
414,8,14/12/2022 16:00,Spectrum Center,Charlotte Hornets,Detroit Pistons,134 - 141
415,8,14/12/2022 16:00,Gainbridge Fieldhouse,Indiana Pacers,Golden State Warriors,125 - 119
416,8,14/12/2022 16:00,Amway Center,Orlando Magic,Atlanta Hawks,135 - 124
417,8,14/12/2022 16:30,Scotiabank Arena,Toronto Raptors,Sacramento Kings,123 - 124
418,8,14/12/2022 16:30,United Center,Chicago Bulls,New York Knicks,120 - 128
419,8,14/12/2022 17:00,Paycom Center,Oklahoma City Thunder,Miami Heat,108 - 110
420,8,14/12/2022 17:00,AT&T Center,San Antonio Spurs,Portland Trail Blazers,112 - 128
421,8,14/12/2022 18:00,American Airlines Center,Dallas Mavericks,Cleveland Cavaliers,90 - 105
422,8,14/12/2022 18:00,Ball Arena,Denver Nuggets,Washington Wizards,141 - 128
423,8,14/12/2022 19:00,Crypto.com Arena,LA Clippers,Minnesota Timberwolves,99 - 88
424,9,15/12/2022 17:00,Toyota Center,Houston Rockets,Miami Heat,108 - 111
425,9,15/12/2022 17:00,FedExForum,Memphis Grizzlies,Milwaukee Bucks,142 - 101
426,9,15/12/2022 18:00,Vivint Arena,Utah Jazz,New Orleans Pelicans,132 - 129
427,9,15/12/2022 19:30,Crypto.com Arena,LA Clippers,Phoenix Suns,95 - 111
428,9,16/12/2022 16:00,Spectrum Center,Charlotte Hornets,Atlanta Hawks,106 - 125
429,9,16/12/2022 16:00,Little Caesars Arena,Detroit Pistons,Sacramento Kings,113 - 122
430,9,16/12/2022 16:30,TD Garden,Boston Celtics,Orlando Magic,109 - 117
431,9,16/12/2022 16:30,Rocket Mortgage FieldHouse,Cleveland Cavaliers,Indiana Pacers,118 - 112
432,9,16/12/2022 16:30,Wells Fargo Center,Philadelphia 76ers,Golden State Warriors,118 - 106
433,9,16/12/2022 16:30,Scotiabank Arena,Toronto Raptors,Brooklyn Nets,116 - 119
434,9,16/12/2022 17:00,United Center,Chicago Bulls,New York Knicks,91 - 114
435,9,16/12/2022 17:00,Paycom Center,Oklahoma City Thunder,Minnesota Timberwolves,110 - 112
436,9,16/12/2022 17:30,American Airlines Center,Dallas Mavericks,Portland Trail Blazers,130 - 110
437,9,16/12/2022 19:00,Crypto.com Arena,Los Angeles Lakers,Denver Nuggets,126 - 108
438,9,17/12/2022 13:00,Crypto.com Arena,LA Clippers,Washington Wizards,102 - 93
439,9,17/12/2022 14:00,Mexico City Arena,San Antonio Spurs,Miami Heat,101 - 111
440,9,17/12/2022 17:00,Rocket Mortgage FieldHouse,Cleveland Cavaliers,Dallas Mavericks,100 - 99
441,9,17/12/2022 17:00,Toyota Center,Houston Rockets,Portland Trail Blazers,95 - 107
442,9,17/12/2022 17:00,Fiserv Forum,Milwaukee Bucks,Utah Jazz,123 - 97
443,9,17/12/2022 17:00,Paycom Center,Oklahoma City Thunder,Memphis Grizzlies,115 - 109
444,9,17/12/2022 18:00,Footprint Center,Phoenix Suns,New Orleans Pelicans,118 - 114
445,9,18/12/2022 12:00,TD Garden,Boston Celtics,Orlando Magic,92 - 95
446,9,18/12/2022 14:00,Gainbridge Fieldhouse,Indiana Pacers,New York Knicks,106 - 109
447,9,18/12/2022 15:00,Little Caesars Arena,Detroit Pistons,Brooklyn Nets,121 - 124
448,9,18/12/2022 15:00,Scotiabank Arena,Toronto Raptors,Golden State Warriors,110 - 126
449,9,18/12/2022 16:00,Target Center,Minnesota Timberwolves,Chicago Bulls,150 - 126
450,9,18/12/2022 17:00,Ball Arena,Denver Nuggets,Charlotte Hornets,119 - 115
451,9,18/12/2022 18:30,Crypto.com Arena,Los Angeles Lakers,Washington Wizards,119 - 117
452,9,19/12/2022 16:00,Rocket Mortgage FieldHouse,Cleveland Cavaliers,Utah Jazz,
453,9,19/12/2022 16:00,Wells Fargo Center,Philadelphia 76ers,Toronto Raptors,
454,9,19/12/2022 16:30,State Farm Arena,Atlanta Hawks,Orlando Magic,
455,9,19/12/2022 17:00,Toyota Center,Houston Rockets,San Antonio Spurs,
456,9,19/12/2022 17:00,Target Center,Minnesota Timberwolves,Dallas Mavericks,
457,9,19/12/2022 17:00,Smoothie King Center,New Orleans Pelicans,Milwaukee Bucks,
458,9,19/12/2022 17:00,Paycom Center,Oklahoma City Thunder,Portland Trail Blazers,
459,9,19/12/2022 18:00,Footprint Center,Phoenix Suns,Los Angeles Lakers,
460,9,19/12/2022 19:00,Golden 1 Center,Sacramento Kings,Charlotte Hornets,
461,9,20/12/2022 16:00,Little Caesars Arena,Detroit Pistons,Utah Jazz,
462,9,20/12/2022 16:30,FTX Arena,Miami Heat,Chicago Bulls,
463,9,20/12/2022 16:30,Madison Square Garden,New York Knicks,Golden State Warriors,
464,9,20/12/2022 18:00,Footprint Center,Phoenix Suns,Washington Wizards,
465,9,20/12/2022 19:00,Ball Arena,Denver Nuggets,Memphis Grizzlies,
466,9,21/12/2022 16:00,Rocket Mortgage FieldHouse,Cleveland Cavaliers,Milwaukee Bucks,
467,9,21/12/2022 16:00,Wells Fargo Center,Philadelphia 76ers,Detroit Pistons,
468,9,21/12/2022 16:30,State Farm Arena,Atlanta Hawks,Chicago Bulls,
469,9,21/12/2022 16:30,TD Garden,Boston Celtics,Indiana Pacers,
470,9,21/12/2022 16:30,Barclays Center,Brooklyn Nets,Golden State Warriors,
471,9,21/12/2022 16:30,Madison Square Garden,New York Knicks,Toronto Raptors,
472,9,21/12/2022 17:00,Toyota Center,Houston Rockets,Orlando Magic,
473,9,21/12/2022 17:00,Target Center,Minnesota Timberwolves,Dallas Mavericks,
474,9,21/12/2022 17:00,Paycom Center,Oklahoma City Thunder,Portland Trail Blazers,
475,9,21/12/2022 19:00,Golden 1 Center,Sacramento Kings,Los Angeles Lakers,
476,9,21/12/2022 19:30,Crypto.com Arena,LA Clippers,Charlotte Hornets,
477,10,22/12/2022 17:00,Smoothie King Center,New Orleans Pelicans,San Antonio Spurs,
478,10,22/12/2022 18:00,Vivint Arena,Utah Jazz,Washington Wizards,
479,10,23/12/2022 16:00,Amway Center,Orlando Magic,San Antonio Spurs,
480,10,23/12/2022 16:00,Wells Fargo Center,Philadelphia 76ers,LA Clippers,
481,10,23/12/2022 16:30,State Farm Arena,Atlanta Hawks,Detroit Pistons,
482,10,23/12/2022 16:30,TD Garden,Boston Celtics,Minnesota Timberwolves,
483,10,23/12/2022 16:30,Barclays Center,Brooklyn Nets,Milwaukee Bucks,
484,10,23/12/2022 16:30,Rocket Mortgage FieldHouse,Cleveland Cavaliers,Toronto Raptors,
485,10,23/12/2022 16:30,Madison Square Garden,New York Knicks,Chicago Bulls,
486,10,23/12/2022 17:00,FTX Arena,Miami Heat,Indiana Pacers,
487,10,23/12/2022 17:00,Toyota Center,Houston Rockets,Dallas Mavericks,
488,10,23/12/2022 17:00,Paycom Center,Oklahoma City Thunder,New Orleans Pelicans,
489,10,23/12/2022 18:00,Ball Arena,Denver Nuggets,Portland Trail Blazers,
490,10,23/12/2022 19:00,Footprint Center,Phoenix Suns,Memphis Grizzlies,
491,10,23/12/2022 19:00,Golden 1 Center,Sacramento Kings,Washington Wizards,
492,10,23/12/2022 19:30,Crypto.com Arena,Los Angeles Lakers,Charlotte Hornets,
493,10,25/12/2022 09:00,Madison Square Garden,New York Knicks,Philadelphia 76ers,
494,10,25/12/2022 11:30,American Airlines Center,Dallas Mavericks,Los Angeles Lakers,
495,10,25/12/2022 14:00,TD Garden,Boston Celtics,Milwaukee Bucks,
496,10,25/12/2022 17:00,Chase Center,Golden State Warriors,Memphis Grizzlies,
497,10,25/12/2022 19:30,Ball Arena,Denver Nuggets,Phoenix Suns,
498,10,26/12/2022 16:00,Rocket Mortgage FieldHouse,Cleveland Cavaliers,Brooklyn Nets,
499,10,26/12/2022 16:00,Little Caesars Arena,Detroit Pistons,LA Clippers,
500,10,26/12/2022 16:30,FTX Arena,Miami Heat,Minnesota Timberwolves,
501,10,26/12/2022 17:00,United Center,Chicago Bulls,Houston Rockets,
502,10,26/12/2022 17:00,Smoothie King Center,New Orleans Pelicans,Indiana Pacers,
503,10,26/12/2022 17:00,AT&T Center,San Antonio Spurs,Utah Jazz,
504,10,26/12/2022 19:00,Moda Center,Portland Trail Blazers,Charlotte Hornets,
505,10,27/12/2022 16:00,Amway Center,Orlando Magic,Los Angeles Lakers,
506,10,27/12/2022 16:00,Capital One Arena,Washington Wizards,Philadelphia 76ers,
507,10,27/12/2022 16:30,TD Garden,Boston Celtics,Houston Rockets,
508,10,27/12/2022 16:30,Gainbridge Fieldhouse,Indiana Pacers,Atlanta Hawks,
509,10,27/12/2022 16:30,Scotiabank Arena,Toronto Raptors,LA Clippers,
510,10,27/12/2022 17:00,FedExForum,Memphis Grizzlies,Phoenix Suns,
511,10,27/12/2022 17:00,Paycom Center,Oklahoma City Thunder,San Antonio Spurs,
512,10,27/12/2022 17:30,American Airlines Center,Dallas Mavericks,New York Knicks,
513,10,27/12/2022 19:00,Chase Center,Golden State Warriors,Charlotte Hornets,
514,10,27/12/2022 19:00,Golden 1 Center,Sacramento Kings,Denver Nuggets,
515,10,28/12/2022 16:00,Little Caesars Arena,Detroit Pistons,Orlando Magic,
516,10,28/12/2022 16:00,Capital One Arena,Washington Wizards,Phoenix Suns,
517,10,28/12/2022 16:30,State Farm Arena,Atlanta Hawks,Brooklyn Nets,
518,10,28/12/2022 16:30,FTX Arena,Miami Heat,Los Angeles Lakers,
519,10,28/12/2022 17:00,United Center,Chicago Bulls,Milwaukee Bucks,
520,10,28/12/2022 17:00,Smoothie King Center,New Orleans Pelicans,Minnesota Timberwolves,
521,10,28/12/2022 19:00,Chase Center,Golden State Warriors,Utah Jazz,
522,10,28/12/2022 19:00,Golden 1 Center,Sacramento Kings,Denver Nuggets,
523,11,29/12/2022 16:00,Spectrum Center,Charlotte Hornets,Oklahoma City Thunder,
524,11,29/12/2022 16:00,Gainbridge Fieldhouse,Indiana Pacers,Cleveland Cavaliers,
525,11,29/12/2022 16:30,TD Garden,Boston Celtics,LA Clippers,
526,11,29/12/2022 16:30,Scotiabank Arena,Toronto Raptors,Memphis Grizzlies,
527,11,29/12/2022 17:00,AT&T Center,San Antonio Spurs,New York Knicks,
528,11,29/12/2022 17:30,American Airlines Center,Dallas Mavericks,Houston Rockets,
529,11,30/12/2022 16:00,Amway Center,Orlando Magic,Washington Wizards,
530,11,30/12/2022 16:30,State Farm Arena,Atlanta Hawks,Los Angeles Lakers,
531,11,30/12/2022 16:30,Scotiabank Arena,Toronto Raptors,Phoenix Suns,
532,11,30/12/2022 17:00,United Center,Chicago Bulls,Detroit Pistons,
533,11,30/12/2022 17:00,Fiserv Forum,Milwaukee Bucks,Minnesota Timberwolves,
534,11,30/12/2022 17:30,Smoothie King Center,New Orleans Pelicans,Philadelphia 76ers,
535,11,30/12/2022 18:00,Ball Arena,Denver Nuggets,Miami Heat,
536,11,30/12/2022 19:00,Chase Center,Golden State Warriors,Portland Trail Blazers,
537,11,30/12/2022 19:00,Golden 1 Center,Sacramento Kings,Utah Jazz,
538,11,31/12/2022 12:00,Gainbridge Fieldhouse,Indiana Pacers,LA Clippers,
539,11,31/12/2022 16:00,Spectrum Center,Charlotte Hornets,Brooklyn Nets,
540,11,31/12/2022 16:00,United Center,Chicago Bulls,Cleveland Cavaliers,
541,11,31/12/2022 16:00,Toyota Center,Houston Rockets,New York Knicks,
542,11,31/12/2022 16:00,AT&T Center,San Antonio Spurs,Dallas Mavericks,
543,11,31/12/2022 17:00,FedExForum,Memphis Grizzlies,New Orleans Pelicans,
544,11,31/12/2022 17:00,Target Center,Minnesota Timberwolves,Detroit Pistons,
545,11,31/12/2022 17:00,Paycom Center,Oklahoma City Thunder,Philadelphia 76ers,
546,11,31/12/2022 18:00,Vivint Arena,Utah Jazz,Miami Heat,
547,11,01/01/2023 17:00,FedExForum,Memphis Grizzlies,Sacramento Kings,
548,11,01/01/2023 17:00,Fiserv Forum,Milwaukee Bucks,Washington Wizards,
549,11,01/01/2023 17:00,Ball Arena,Denver Nuggets,Boston Celtics,
550,11,02/01/2023 12:00,Madison Square Garden,New York Knicks,Phoenix Suns,
551,11,02/01/2023 16:00,Spectrum Center,Charlotte Hornets,Los Angeles Lakers,
552,11,02/01/2023 16:00,Rocket Mortgage FieldHouse,Cleveland Cavaliers,Chicago Bulls,
553,11,02/01/2023 16:00,Gainbridge Fieldhouse,Indiana Pacers,Toronto Raptors,
554,11,02/01/2023 16:00,Wells Fargo Center,Philadelphia 76ers,New Orleans Pelicans,
555,11,02/01/2023 16:30,Barclays Center,Brooklyn Nets,San Antonio Spurs,
556,11,02/01/2023 17:00,Toyota Center,Houston Rockets,Dallas Mavericks,
557,11,02/01/2023 17:00,Target Center,Minnesota Timberwolves,Denver Nuggets,
558,11,02/01/2023 19:00,Chase Center,Golden State Warriors,Atlanta Hawks,
559,11,02/01/2023 19:00,Moda Center,Portland Trail Blazers,Detroit Pistons,
560,11,02/01/2023 19:30,Crypto.com Arena,LA Clippers,Miami Heat,
561,11,03/01/2023 17:00,Fiserv Forum,Milwaukee Bucks,Washington Wizards,
562,11,03/01/2023 17:00,Paycom Center,Oklahoma City Thunder,Boston Celtics,
563,11,03/01/2023 18:00,Vivint Arena,Utah Jazz,Sacramento Kings,
564,11,04/01/2023 16:00,Spectrum Center,Charlotte Hornets,Memphis Grizzlies,
565,11,04/01/2023 16:00,Rocket Mortgage FieldHouse,Cleveland Cavaliers,Phoenix Suns,
566,11,04/01/2023 16:00,Amway Center,Orlando Magic,Oklahoma City Thunder,
567,11,04/01/2023 16:00,Wells Fargo Center,Philadelphia 76ers,Indiana Pacers,
568,11,04/01/2023 16:30,Madison Square Garden,New York Knicks,San Antonio Spurs,
569,11,04/01/2023 16:30,Scotiabank Arena,Toronto Raptors,Milwaukee Bucks,
570,11,04/01/2023 17:00,United Center,Chicago Bulls,Brooklyn Nets,
571,11,04/01/2023 17:00,Target Center,Minnesota Timberwolves,Portland Trail Blazers,
572,11,04/01/2023 17:00,Smoothie King Center,New Orleans Pelicans,Houston Rockets,
573,11,04/01/2023 19:00,Chase Center,Golden State Warriors,Detroit Pistons,
574,11,04/01/2023 19:00,Crypto.com Arena,Los Angeles Lakers,Miami Heat,
575,11,04/01/2023 19:00,Golden 1 Center,Sacramento Kings,Atlanta Hawks,
576,12,05/01/2023 16:00,Amway Center,Orlando Magic,Memphis Grizzlies,
577,12,05/01/2023 16:30,American Airlines Center,Dallas Mavericks,Boston Celtics,
578,12,05/01/2023 17:00,Toyota Center,Houston Rockets,Utah Jazz,
579,12,05/01/2023 19:00,Ball Arena,Denver Nuggets,LA Clippers,
580,12,06/01/2023 16:00,Gainbridge Fieldhouse,Indiana Pacers,Portland Trail Blazers,
581,12,06/01/2023 16:30,Wells Fargo Center,Philadelphia 76ers,Chicago Bulls,
582,12,06/01/2023 16:30,Scotiabank Arena,Toronto Raptors,New York Knicks,
583,12,06/01/2023 17:00,Fiserv Forum,Milwaukee Bucks,Charlotte Hornets,
584,12,06/01/2023 17:00,Paycom Center,Oklahoma City Thunder,Washington Wizards,
585,12,06/01/2023 17:00,AT&T Center,San Antonio Spurs,Detroit Pistons,
586,12,06/01/2023 17:30,Smoothie King Center,New Orleans Pelicans,Brooklyn Nets,
587,12,06/01/2023 18:00,Target Center,Minnesota Timberwolves,LA Clippers,
588,12,06/01/2023 18:00,Ball Arena,Denver Nuggets,Cleveland Cavaliers,
589,12,06/01/2023 19:00,Footprint Center,Phoenix Suns,Miami Heat,
590,12,06/01/2023 19:30,Crypto.com Arena,Los Angeles Lakers,Atlanta Hawks,
591,12,07/01/2023 15:00,AT&T Center,San Antonio Spurs,Boston Celtics,
592,12,07/01/2023 17:00,United Center,Chicago Bulls,Utah Jazz,
593,12,07/01/2023 17:00,American Airlines Center,Dallas Mavericks,New Orleans Pelicans,
594,12,07/01/2023 17:30,Chase Center,Golden State Warriors,Orlando Magic,
595,12,07/01/2023 19:00,Golden 1 Center,Sacramento Kings,Los Angeles Lakers,
596,12,08/01/2023 12:00,Little Caesars Arena,Detroit Pistons,Philadelphia 76ers,
597,12,08/01/2023 12:30,Scotiabank Arena,Toronto Raptors,Portland Trail Blazers,
598,12,08/01/2023 14:00,Gainbridge Fieldhouse,Indiana Pacers,Charlotte Hornets,
599,12,08/01/2023 15:00,FTX Arena,Miami Heat,Brooklyn Nets,
600,12,08/01/2023 15:00,FedExForum,Memphis Grizzlies,Utah Jazz,
601,12,08/01/2023 16:00,Toyota Center,Houston Rockets,Minnesota Timberwolves,
602,12,08/01/2023 16:00,Paycom Center,Oklahoma City Thunder,Dallas Mavericks,
603,12,08/01/2023 17:00,Footprint Center,Phoenix Suns,Cleveland Cavaliers,
604,12,08/01/2023 18:00,Crypto.com Arena,LA Clippers,Atlanta Hawks,
605,12,09/01/2023 16:00,Capital One Arena,Washington Wizards,New Orleans Pelicans,
606,12,09/01/2023 16:30,TD Garden,Boston Celtics,Chicago Bulls,
607,12,09/01/2023 16:30,Madison Square Garden,New York Knicks,Milwaukee Bucks,
608,12,09/01/2023 17:00,FedExForum,Memphis Grizzlies,San Antonio Spurs,
609,12,09/01/2023 18:00,Ball Arena,Denver Nuggets,Los Angeles Lakers,
610,12,09/01/2023 19:00,Golden 1 Center,Sacramento Kings,Orlando Magic,
611,12,10/01/2023 16:30,FTX Arena,Miami Heat,Oklahoma City Thunder,
612,12,10/01/2023 16:30,Wells Fargo Center,Philadelphia 76ers,Detroit Pistons,
613,12,10/01/2023 16:30,Scotiabank Arena,Toronto Raptors,Charlotte Hornets,
614,12,10/01/2023 18:00,Vivint Arena,Utah Jazz,Cleveland Cavaliers,
615,12,10/01/2023 19:00,Chase Center,Golden State Warriors,Phoenix Suns,
616,12,10/01/2023 19:00,Moda Center,Portland Trail Blazers,Orlando Magic,
617,12,10/01/2023 19:30,Crypto.com Arena,LA Clippers,Dallas Mavericks,
618,12,11/01/2023 16:00,Little Caesars Arena,Detroit Pistons,Minnesota Timberwolves,
619,12,11/01/2023 16:00,Capital One Arena,Washington Wizards,Chicago Bulls,
620,12,11/01/2023 16:30,State Farm Arena,Atlanta Hawks,Milwaukee Bucks,
621,12,11/01/2023 16:30,TD Garden,Boston Celtics,New Orleans Pelicans,
622,12,11/01/2023 16:30,Madison Square Garden,New York Knicks,Indiana Pacers,
623,12,11/01/2023 17:00,FedExForum,Memphis Grizzlies,San Antonio Spurs,
624,12,11/01/2023 18:00,Ball Arena,Denver Nuggets,Phoenix Suns,
625,12,11/01/2023 19:00,Golden 1 Center,Sacramento Kings,Houston Rockets,
626,13,12/01/2023 16:00,Wells Fargo Center,Philadelphia 76ers,Oklahoma City Thunder,
627,13,12/01/2023 16:30,Barclays Center,Brooklyn Nets,Boston Celtics,
628,13,12/01/2023 16:30,FTX Arena,Miami Heat,Milwaukee Bucks,
629,13,12/01/2023 16:30,Scotiabank Arena,Toronto Raptors,Charlotte Hornets,
630,13,12/01/2023 19:00,Crypto.com Arena,Los Angeles Lakers,Dallas Mavericks,
631,13,12/01/2023 19:00,Moda Center,Portland Trail Blazers,Cleveland Cavaliers,
632,13,13/01/2023 16:00,Little Caesars Arena,Detroit Pistons,New Orleans Pelicans,
633,13,13/01/2023 16:00,Gainbridge Fieldhouse,Indiana Pacers,Atlanta Hawks,
634,13,13/01/2023 16:00,Capital One Arena,Washington Wizards,New York Knicks,
635,13,13/01/2023 16:30,Alamodome,San Antonio Spurs,Golden State Warriors,
636,13,13/01/2023 17:00,United Center,Chicago Bulls,Oklahoma City Thunder,
637,13,13/01/2023 17:00,Target Center,Minnesota Timberwolves,Phoenix Suns,
638,13,13/01/2023 18:00,Vivint Arena,Utah Jazz,Orlando Magic,
639,13,13/01/2023 19:00,Crypto.com Arena,LA Clippers,Denver Nuggets,
640,13,13/01/2023 19:00,Golden 1 Center,Sacramento Kings,Houston Rockets,
641,13,14/01/2023 10:00,FTX Arena,Miami Heat,Milwaukee Bucks,
642,13,14/01/2023 16:00,Spectrum Center,Charlotte Hornets,Boston Celtics,
643,13,14/01/2023 16:00,Gainbridge Fieldhouse,Indiana Pacers,Memphis Grizzlies,
644,13,14/01/2023 16:30,Scotiabank Arena,Toronto Raptors,Atlanta Hawks,
645,13,14/01/2023 17:00,Target Center,Minnesota Timberwolves,Cleveland Cavaliers,
646,13,14/01/2023 18:00,Vivint Arena,Utah Jazz,Philadelphia 76ers,
647,13,14/01/2023 19:00,Moda Center,Portland Trail Blazers,Dallas Mavericks,
648,13,15/01/2023 10:00,Little Caesars Arena,Detroit Pistons,New York Knicks,
649,13,15/01/2023 12:00,Crypto.com Arena,LA Clippers,Houston Rockets,
650,13,15/01/2023 12:30,United Center,Chicago Bulls,Golden State Warriors,
651,13,15/01/2023 15:00,Barclays Center,Brooklyn Nets,Oklahoma City Thunder,
652,13,15/01/2023 16:00,AT&T Center,San Antonio Spurs,Sacramento Kings,
653,13,15/01/2023 17:00,Ball Arena,Denver Nuggets,Orlando Magic,
654,13,15/01/2023 18:00,Moda Center,Portland Trail Blazers,Dallas Mavericks,
655,13,15/01/2023 18:30,Crypto.com Arena,Los Angeles Lakers,Philadelphia 76ers,
656,13,16/01/2023 10:00,Spectrum Center,Charlotte Hornets,Boston Celtics,
657,13,16/01/2023 11:30,Fiserv Forum,Milwaukee Bucks,Indiana Pacers,
658,13,16/01/2023 12:00,Rocket Mortgage FieldHouse,Cleveland Cavaliers,New Orleans Pelicans,
659,13,16/01/2023 12:00,Madison Square Garden,New York Knicks,Toronto Raptors,
660,13,16/01/2023 12:00,Capital One Arena,Washington Wizards,Golden State Warriors,
661,13,16/01/2023 12:30,State Farm Arena,Atlanta Hawks,Miami Heat,
662,13,16/01/2023 13:00,Target Center,Minnesota Timberwolves,Utah Jazz,
663,13,16/01/2023 15:00,FedExForum,Memphis Grizzlies,Phoenix Suns,
664,13,16/01/2023 19:30,Crypto.com Arena,Los Angeles Lakers,Houston Rockets,
665,13,17/01/2023 16:30,Fiserv Forum,Milwaukee Bucks,Toronto Raptors,
666,13,17/01/2023 17:00,AT&T Center,San Antonio Spurs,Brooklyn Nets,
667,13,17/01/2023 18:00,Ball Arena,Denver Nuggets,Portland Trail Blazers,
668,13,17/01/2023 19:00,Crypto.com Arena,LA Clippers,Philadelphia 76ers,
669,13,18/01/2023 16:30,Madison Square Garden,New York Knicks,Washington Wizards,
670,13,18/01/2023 16:30,American Airlines Center,Dallas Mavericks,Atlanta Hawks,
671,13,18/01/2023 17:00,Toyota Center,Houston Rockets,Charlotte Hornets,
672,13,18/01/2023 17:00,FedExForum,Memphis Grizzlies,Cleveland Cavaliers,
673,13,18/01/2023 17:00,Smoothie King Center,New Orleans Pelicans,Miami Heat,
674,13,18/01/2023 17:00,Paycom Center,Oklahoma City Thunder,Indiana Pacers,
675,13,18/01/2023 18:00,Vivint Arena,Utah Jazz,LA Clippers,
676,13,18/01/2023 19:00,Ball Arena,Denver Nuggets,Minnesota Timberwolves,
677,13,18/01/2023 19:30,Crypto.com Arena,Los Angeles Lakers,Sacramento Kings,
678,14,19/01/2023 12:00,Accor Arena,Detroit Pistons,Chicago Bulls,
679,14,19/01/2023 16:30,TD Garden,Boston Celtics,Golden State Warriors,
680,14,19/01/2023 17:00,Target Center,Minnesota Timberwolves,Toronto Raptors,
681,14,19/01/2023 19:00,Footprint Center,Phoenix Suns,Brooklyn Nets,
682,14,19/01/2023 19:00,Moda Center,Portland Trail Blazers,Philadelphia 76ers,
683,14,20/01/2023 16:00,Amway Center,Orlando Magic,New Orleans Pelicans,
684,14,20/01/2023 16:30,State Farm Arena,Atlanta Hawks,New York Knicks,
685,14,20/01/2023 16:30,Rocket Mortgage FieldHouse,Cleveland Cavaliers,Golden State Warriors,
686,14,20/01/2023 16:30,American Airlines Center,Dallas Mavericks,Miami Heat,
687,14,20/01/2023 17:00,AT&T Center,San Antonio Spurs,LA Clippers,
688,14,20/01/2023 18:00,Ball Arena,Denver Nuggets,Indiana Pacers,
689,14,20/01/2023 18:00,Vivint Arena,Utah Jazz,Brooklyn Nets,
690,14,20/01/2023 19:00,Crypto.com Arena,Los Angeles Lakers,Memphis Grizzlies,
691,14,20/01/2023 19:00,Golden 1 Center,Sacramento Kings,Oklahoma City Thunder,
692,14,21/01/2023 14:00,Scotiabank Arena,Toronto Raptors,Boston Celtics,
693,14,21/01/2023 16:00,Capital One Arena,Washington Wizards,Orlando Magic,
694,14,21/01/2023 16:30,State Farm Arena,Atlanta Hawks,Charlotte Hornets,
695,14,21/01/2023 16:30,Rocket Mortgage FieldHouse,Cleveland Cavaliers,Milwaukee Bucks,
696,14,21/01/2023 17:00,Target Center,Minnesota Timberwolves,Houston Rockets,
697,14,21/01/2023 18:00,Footprint Center,Phoenix Suns,Indiana Pacers,
698,14,21/01/2023 19:00,Golden 1 Center,Sacramento Kings,Philadelphia 76ers,
699,14,22/01/2023 12:30,FTX Arena,Miami Heat,New Orleans Pelicans,
700,14,22/01/2023 15:00,Scotiabank Arena,Toronto Raptors,New York Knicks,
701,14,22/01/2023 16:30,American Airlines Center,Dallas Mavericks,LA Clippers,
702,14,22/01/2023 17:00,Ball Arena,Denver Nuggets,Oklahoma City Thunder,
703,14,22/01/2023 17:00,Footprint Center,Phoenix Suns,Memphis Grizzlies,
704,14,22/01/2023 17:30,Chase Center,Golden State Warriors,Brooklyn Nets,
705,14,22/01/2023 18:00,Moda Center,Portland Trail Blazers,Los Angeles Lakers,
706,14,23/01/2023 16:00,Little Caesars Arena,Detroit Pistons,Milwaukee Bucks,
707,14,23/01/2023 16:00,Amway Center,Orlando Magic,Boston Celtics,
708,14,23/01/2023 17:00,United Center,Chicago Bulls,Atlanta Hawks,
709,14,23/01/2023 17:00,Toyota Center,Houston Rockets,Minnesota Timberwolves,
710,14,23/01/2023 18:00,Vivint Arena,Utah Jazz,Charlotte Hornets,
711,14,23/01/2023 19:00,Moda Center,Portland Trail Blazers,San Antonio Spurs,
712,14,23/01/2023 19:30,Golden 1 Center,Sacramento Kings,Memphis Grizzlies,
713,14,24/01/2023 16:00,Gainbridge Fieldhouse,Indiana Pacers,Chicago Bulls,
714,14,24/01/2023 16:30,FTX Arena,Miami Heat,Boston Celtics,
715,14,24/01/2023 16:30,Madison Square Garden,New York Knicks,Cleveland Cavaliers,
716,14,24/01/2023 17:00,Smoothie King Center,New Orleans Pelicans,Denver Nuggets,
717,14,24/01/2023 17:30,American Airlines Center,Dallas Mavericks,Washington Wizards,
718,14,24/01/2023 18:00,Footprint Center,Phoenix Suns,Charlotte Hornets,
719,14,24/01/2023 19:00,Crypto.com Arena,Los Angeles Lakers,LA Clippers,
720,14,25/01/2023 16:00,Amway Center,Orlando Magic,Indiana Pacers,
721,14,25/01/2023 16:30,Wells Fargo Center,Philadelphia 76ers,Brooklyn Nets,
722,14,25/01/2023 17:00,Toyota Center,Houston Rockets,Washington Wizards,
723,14,25/01/2023 17:00,Fiserv Forum,Milwaukee Bucks,Denver Nuggets,
724,14,25/01/2023 17:00,Smoothie King Center,New Orleans Pelicans,Minnesota Timberwolves,
725,14,25/01/2023 17:00,Paycom Center,Oklahoma City Thunder,Atlanta Hawks,
726,14,25/01/2023 19:00,Chase Center,Golden State Warriors,Memphis Grizzlies,
727,14,25/01/2023 19:00,Moda Center,Portland Trail Blazers,Utah Jazz,
728,14,25/01/2023 19:00,Golden 1 Center,Sacramento Kings,Toronto Raptors,
729,14,25/01/2023 19:30,Crypto.com Arena,Los Angeles Lakers,San Antonio Spurs,
730,15,26/01/2023 16:30,TD Garden,Boston Celtics,New York Knicks,
731,15,26/01/2023 16:30,Barclays Center,Brooklyn Nets,Detroit Pistons,
732,15,26/01/2023 16:30,Spectrum Center,Charlotte Hornets,Chicago Bulls,
733,15,26/01/2023 17:00,Toyota Center,Houston Rockets,Cleveland Cavaliers,
734,15,26/01/2023 19:00,Footprint Center,Phoenix Suns,Dallas Mavericks,
735,15,26/01/2023 19:30,Crypto.com Arena,LA Clippers,San Antonio Spurs,
736,15,27/01/2023 16:00,Gainbridge Fieldhouse,Indiana Pacers,Milwaukee Bucks,
737,15,27/01/2023 16:30,Target Center,Minnesota Timberwolves,Memphis Grizzlies,
738,15,27/01/2023 17:00,FTX Arena,Miami Heat,Orlando Magic,
739,15,27/01/2023 17:00,Paycom Center,Oklahoma City Thunder,Cleveland Cavaliers,
740,15,27/01/2023 19:00,Chase Center,Golden State Warriors,Toronto Raptors,
741,15,28/01/2023 12:00,Wells Fargo Center,Philadelphia 76ers,Denver Nuggets,
742,15,28/01/2023 14:30,Barclays Center,Brooklyn Nets,New York Knicks,
743,15,28/01/2023 16:00,Little Caesars Arena,Detroit Pistons,Houston Rockets,
744,15,28/01/2023 16:00,Amway Center,Orlando Magic,Chicago Bulls,
745,15,28/01/2023 16:30,State Farm Arena,Atlanta Hawks,LA Clippers,
746,15,28/01/2023 17:00,Target Center,Minnesota Timberwolves,Sacramento Kings,
747,15,28/01/2023 17:00,Smoothie King Center,New Orleans Pelicans,Washington Wizards,
748,15,28/01/2023 17:00,AT&T Center,San Antonio Spurs,Phoenix Suns,
749,15,28/01/2023 17:30,TD Garden,Boston Celtics,Los Angeles Lakers,
750,15,28/01/2023 18:00,Vivint Arena,Utah Jazz,Dallas Mavericks,
751,15,28/01/2023 19:00,Moda Center,Portland Trail Blazers,Toronto Raptors,
752,15,29/01/2023 10:00,Spectrum Center,Charlotte Hornets,Miami Heat,
753,15,29/01/2023 15:00,FedExForum,Memphis Grizzlies,Indiana Pacers,
754,15,29/01/2023 16:00,Rocket Mortgage FieldHouse,Cleveland Cavaliers,LA Clippers,
755,15,29/01/2023 17:00,Fiserv Forum,Milwaukee Bucks,New Orleans Pelicans,
756,15,30/01/2023 16:00,Wells Fargo Center,Philadelphia 76ers,Orlando Magic,
757,15,30/01/2023 16:30,Barclays Center,Brooklyn Nets,Los Angeles Lakers,
758,15,30/01/2023 17:00,Target Center,Minnesota Timberwolves,Sacramento Kings,
759,15,30/01/2023 17:00,Paycom Center,Oklahoma City Thunder,Golden State Warriors,
760,15,30/01/2023 17:00,AT&T Center,San Antonio Spurs,Washington Wizards,
761,15,30/01/2023 17:30,American Airlines Center,Dallas Mavericks,Detroit Pistons,
762,15,30/01/2023 18:00,Footprint Center,Phoenix Suns,Toronto Raptors,
763,15,30/01/2023 19:00,Moda Center,Portland Trail Blazers,Atlanta Hawks,
764,15,31/01/2023 16:00,Rocket Mortgage FieldHouse,Cleveland Cavaliers,Miami Heat,
765,15,31/01/2023 16:30,Madison Square Garden,New York Knicks,Los Angeles Lakers,
766,15,31/01/2023 17:00,United Center,Chicago Bulls,LA Clippers,
767,15,31/01/2023 17:00,Fiserv Forum,Milwaukee Bucks,Charlotte Hornets,
768,15,31/01/2023 19:00,Ball Arena,Denver Nuggets,New Orleans Pelicans,
769,15,01/02/2023 16:00,Little Caesars Arena,Detroit Pistons,Washington Wizards,
770,15,01/02/2023 16:00,Wells Fargo Center,Philadelphia 76ers,Orlando Magic,
771,15,01/02/2023 16:00,FedExForum,Memphis Grizzlies,Portland Trail Blazers,
772,15,01/02/2023 16:30,TD Garden,Boston Celtics,Brooklyn Nets,
773,15,01/02/2023 17:00,Toyota Center,Houston Rockets,Oklahoma City Thunder,
774,15,01/02/2023 17:00,Target Center,Minnesota Timberwolves,Golden State Warriors,
775,15,01/02/2023 17:00,AT&T Center,San Antonio Spurs,Sacramento Kings,
776,15,01/02/2023 18:00,Vivint Arena,Utah Jazz,Toronto Raptors,
777,15,01/02/2023 19:00,Footprint Center,Phoenix Suns,Atlanta Hawks,
778,16,02/02/2023 16:00,Gainbridge Fieldhouse,Indiana Pacers,Los Angeles Lakers,
779,16,02/02/2023 16:30,Rocket Mortgage FieldHouse,Cleveland Cavaliers,Memphis Grizzlies,
780,16,02/02/2023 16:30,Madison Square Garden,New York Knicks,Miami Heat,
781,16,02/02/2023 17:00,United Center,Chicago Bulls,Charlotte Hornets,
782,16,02/02/2023 17:30,American Airlines Center,Dallas Mavericks,New Orleans Pelicans,
783,16,02/02/2023 18:00,Ball Arena,Denver Nuggets,Golden State Warriors,
784,16,02/02/2023 19:00,Fiserv Forum,Milwaukee Bucks,LA Clippers,
785,16,03/02/2023 16:00,Little Caesars Arena,Detroit Pistons,Charlotte Hornets,
786,16,03/02/2023 16:00,Gainbridge Fieldhouse,Indiana Pacers,Sacramento Kings,
787,16,03/02/2023 16:00,Capital One Arena,Washington Wizards,Portland Trail Blazers,
788,16,03/02/2023 16:30,TD Garden,Boston Celtics,Phoenix Suns,
789,16,03/02/2023 17:00,Toyota Center,Houston Rockets,Toronto Raptors,
790,16,03/02/2023 17:00,Target Center,Minnesota Timberwolves,Orlando Magic,
791,16,03/02/2023 17:00,AT&T Center,San Antonio Spurs,Philadelphia 76ers,
792,16,03/02/2023 18:00,Vivint Arena,Utah Jazz,Atlanta Hawks,
793,16,04/02/2023 15:00,Barclays Center,Brooklyn Nets,Washington Wizards,
794,16,04/02/2023 16:00,Little Caesars Arena,Detroit Pistons,Phoenix Suns,
795,16,04/02/2023 16:00,Madison Square Garden,New York Knicks,LA Clippers,
796,16,04/02/2023 17:00,United Center,Chicago Bulls,Portland Trail Blazers,
797,16,04/02/2023 17:00,Fiserv Forum,Milwaukee Bucks,Miami Heat,
798,16,04/02/2023 17:00,Smoothie King Center,New Orleans Pelicans,Los Angeles Lakers,
799,16,04/02/2023 17:00,Paycom Center,Oklahoma City Thunder,Houston Rockets,
800,16,04/02/2023 17:30,Chase Center,Golden State Warriors,Dallas Mavericks,
801,16,04/02/2023 18:00,Ball Arena,Denver Nuggets,Atlanta Hawks,
802,16,05/02/2023 10:00,Spectrum Center,Charlotte Hornets,Orlando Magic,
803,16,05/02/2023 14:00,Gainbridge Fieldhouse,Indiana Pacers,Cleveland Cavaliers,
804,16,05/02/2023 15:00,Madison Square Garden,New York Knicks,Philadelphia 76ers,
805,16,05/02/2023 15:00,FedExForum,Memphis Grizzlies,Toronto Raptors,
806,16,05/02/2023 16:00,Target Center,Minnesota Timberwolves,Denver Nuggets,
807,16,05/02/2023 16:00,Smoothie King Center,New Orleans Pelicans,Sacramento Kings,
808,16,06/02/2023 16:00,Little Caesars Arena,Detroit Pistons,Boston Celtics,
809,16,06/02/2023 16:00,Capital One Arena,Washington Wizards,Cleveland Cavaliers,
810,16,06/02/2023 16:30,Barclays Center,Brooklyn Nets,LA Clippers,
811,16,06/02/2023 17:00,United Center,Chicago Bulls,San Antonio Spurs,
812,16,06/02/2023 17:00,Toyota Center,Houston Rockets,Sacramento Kings,
813,16,06/02/2023 18:00,Vivint Arena,Utah Jazz,Dallas Mavericks,
814,16,06/02/2023 19:00,Chase Center,Golden State Warriors,Oklahoma City Thunder,
815,16,06/02/2023 19:00,Moda Center,Portland Trail Blazers,Milwaukee Bucks,
816,16,07/02/2023 16:00,Amway Center,Orlando Magic,New York Knicks,
817,16,07/02/2023 16:30,Barclays Center,Brooklyn Nets,Phoenix Suns,
818,16,07/02/2023 16:30,Smoothie King Center,New Orleans Pelicans,Atlanta Hawks,
819,16,07/02/2023 17:00,FedExForum,Memphis Grizzlies,Chicago Bulls,
820,16,07/02/2023 19:00,Ball Arena,Denver Nuggets,Minnesota Timberwolves,
821,16,07/02/2023 19:30,Crypto.com Arena,Los Angeles Lakers,Oklahoma City Thunder,
822,16,08/02/2023 16:00,Rocket Mortgage FieldHouse,Cleveland Cavaliers,Detroit Pistons,
823,16,08/02/2023 16:00,Capital One Arena,Washington Wizards,Charlotte Hornets,
824,16,08/02/2023 16:30,TD Garden,Boston Celtics,Philadelphia 76ers,
825,16,08/02/2023 16:30,FTX Arena,Miami Heat,Indiana Pacers,
826,16,08/02/2023 16:30,Scotiabank Arena,Toronto Raptors,San Antonio Spurs,
827,16,08/02/2023 17:00,Toyota Center,Houston Rockets,Sacramento Kings,
828,16,08/02/2023 18:00,Vivint Arena,Utah Jazz,Minnesota Timberwolves,
829,16,08/02/2023 19:00,Crypto.com Arena,LA Clippers,Dallas Mavericks,
830,16,08/02/2023 19:00,Moda Center,Portland Trail Blazers,Golden State Warriors,
831,17,09/02/2023 16:00,Amway Center,Orlando Magic,Denver Nuggets,
832,17,09/02/2023 16:30,State Farm Arena,Atlanta Hawks,Phoenix Suns,
833,17,09/02/2023 16:30,Barclays Center,Brooklyn Nets,Chicago Bulls,
834,17,09/02/2023 19:00,Crypto.com Arena,Los Angeles Lakers,Milwaukee Bucks,
835,17,10/02/2023 16:00,Little Caesars Arena,Detroit Pistons,San Antonio Spurs,
836,17,10/02/2023 16:00,Gainbridge Fieldhouse,Indiana Pacers,Phoenix Suns,
837,17,10/02/2023 16:00,Wells Fargo Center,Philadelphia 76ers,New York Knicks,
838,17,10/02/2023 16:30,TD Garden,Boston Celtics,Charlotte Hornets,
839,17,10/02/2023 16:30,Scotiabank Arena,Toronto Raptors,Utah Jazz,
840,17,10/02/2023 17:00,FTX Arena,Miami Heat,Houston Rockets,
841,17,10/02/2023 17:00,FedExForum,Memphis Grizzlies,Minnesota Timberwolves,
842,17,10/02/2023 19:00,Smoothie King Center,New Orleans Pelicans,Cleveland Cavaliers,
843,17,10/02/2023 19:00,Moda Center,Portland Trail Blazers,Oklahoma City Thunder,
844,17,10/02/2023 19:00,Golden 1 Center,Sacramento Kings,Dallas Mavericks,
845,17,10/02/2023 19:30,Crypto.com Arena,LA Clippers,Milwaukee Bucks,
846,17,11/02/2023 15:00,Barclays Center,Brooklyn Nets,Philadelphia 76ers,
847,17,11/02/2023 16:00,Spectrum Center,Charlotte Hornets,Denver Nuggets,
848,17,11/02/2023 16:00,Amway Center,Orlando Magic,Miami Heat,
849,17,11/02/2023 16:00,Capital One Arena,Washington Wizards,Indiana Pacers,
850,17,11/02/2023 16:30,State Farm Arena,Atlanta Hawks,San Antonio Spurs,
851,17,11/02/2023 16:30,Madison Square Garden,New York Knicks,Utah Jazz,
852,17,11/02/2023 17:00,Rocket Mortgage FieldHouse,Cleveland Cavaliers,Chicago Bulls,
853,17,11/02/2023 17:30,Chase Center,Golden State Warriors,Los Angeles Lakers,
854,17,11/02/2023 19:00,Golden 1 Center,Sacramento Kings,Dallas Mavericks,
855,17,12/02/2023 11:00,TD Garden,Boston Celtics,Memphis Grizzlies,
856,17,12/02/2023 12:00,Scotiabank Arena,Toronto Raptors,Detroit Pistons,
857,17,13/02/2023 16:00,Spectrum Center,Charlotte Hornets,Atlanta Hawks,
858,17,13/02/2023 16:00,Rocket Mortgage FieldHouse,Cleveland Cavaliers,San Antonio Spurs,
859,17,13/02/2023 16:00,Gainbridge Fieldhouse,Indiana Pacers,Utah Jazz,
860,17,13/02/2023 16:00,Wells Fargo Center,Philadelphia 76ers,Houston Rockets,
861,17,13/02/2023 16:30,FTX Arena,Miami Heat,Denver Nuggets,
862,17,13/02/2023 16:30,Madison Square Garden,New York Knicks,Brooklyn Nets,
863,17,13/02/2023 17:00,United Center,Chicago Bulls,Orlando Magic,
864,17,13/02/2023 17:00,Paycom Center,Oklahoma City Thunder,New Orleans Pelicans,
865,17,13/02/2023 17:30,American Airlines Center,Dallas Mavericks,Minnesota Timberwolves,
866,17,13/02/2023 19:00,Chase Center,Golden State Warriors,Washington Wizards,
867,17,13/02/2023 19:00,Moda Center,Portland Trail Blazers,Los Angeles Lakers,
868,17,14/02/2023 16:30,Scotiabank Arena,Toronto Raptors,Orlando Magic,
869,17,14/02/2023 16:30,Fiserv Forum,Milwaukee Bucks,Boston Celtics,
870,17,14/02/2023 18:00,Footprint Center,Phoenix Suns,Sacramento Kings,
871,17,14/02/2023 19:00,Crypto.com Arena,LA Clippers,Golden State Warriors,
872,17,14/02/2023 19:00,Moda Center,Portland Trail Blazers,Washington Wizards,
873,17,15/02/2023 16:00,Spectrum Center,Charlotte Hornets,San Antonio Spurs,
874,17,15/02/2023 16:00,Gainbridge Fieldhouse,Indiana Pacers,Chicago Bulls,
875,17,15/02/2023 16:00,Wells Fargo Center,Philadelphia 76ers,Cleveland Cavaliers,
876,17,15/02/2023 16:30,State Farm Arena,Atlanta Hawks,New York Knicks,
877,17,15/02/2023 16:30,TD Garden,Boston Celtics,Detroit Pistons,
878,17,15/02/2023 16:30,Barclays Center,Brooklyn Nets,Miami Heat,
879,17,15/02/2023 17:00,FedExForum,Memphis Grizzlies,Utah Jazz,
880,17,15/02/2023 17:00,Paycom Center,Oklahoma City Thunder,Houston Rockets,
881,17,15/02/2023 18:00,Ball Arena,Denver Nuggets,Dallas Mavericks,
882,17,15/02/2023 19:00,Crypto.com Arena,Los Angeles Lakers,New Orleans Pelicans,
883,17,16/02/2023 16:30,United Center,Chicago Bulls,Milwaukee Bucks,
884,17,16/02/2023 17:00,Target Center,Minnesota Timberwolves,Washington Wizards,
885,17,16/02/2023 19:00,Footprint Center,Phoenix Suns,LA Clippers,
886,18,23/02/2023 16:00,Rocket Mortgage FieldHouse,Cleveland Cavaliers,Denver Nuggets,
887,18,23/02/2023 16:00,Gainbridge Fieldhouse,Indiana Pacers,Boston Celtics,
888,18,23/02/2023 16:00,Amway Center,Orlando Magic,Detroit Pistons,
889,18,23/02/2023 16:30,Wells Fargo Center,Philadelphia 76ers,Memphis Grizzlies,
890,18,23/02/2023 16:30,Scotiabank Arena,Toronto Raptors,New Orleans Pelicans,
891,18,23/02/2023 17:30,American Airlines Center,Dallas Mavericks,San Antonio Spurs,
892,18,23/02/2023 18:00,Vivint Arena,Utah Jazz,Oklahoma City Thunder,
893,18,23/02/2023 19:00,Crypto.com Arena,Los Angeles Lakers,Golden State Warriors,
894,18,23/02/2023 19:00,Golden 1 Center,Sacramento Kings,Portland Trail Blazers,
895,18,24/02/2023 16:00,Capital One Arena,Washington Wizards,New York Knicks,
896,18,24/02/2023 16:30,State Farm Arena,Atlanta Hawks,Cleveland Cavaliers,
897,18,24/02/2023 16:30,Fiserv Forum,Milwaukee Bucks,Miami Heat,
898,18,24/02/2023 17:00,Target Center,Minnesota Timberwolves,Charlotte Hornets,
899,18,24/02/2023 18:00,Footprint Center,Phoenix Suns,Oklahoma City Thunder,
900,18,24/02/2023 19:00,United Center,Chicago Bulls,Brooklyn Nets,
901,18,24/02/2023 19:00,Chase Center,Golden State Warriors,Houston Rockets,
902,18,24/02/2023 19:30,Crypto.com Arena,LA Clippers,Sacramento Kings,
903,18,25/02/2023 09:00,Little Caesars Arena,Detroit Pistons,Toronto Raptors,
904,18,25/02/2023 16:00,Spectrum Center,Charlotte Hornets,Miami Heat,
905,18,25/02/2023 16:00,Amway Center,Orlando Magic,Indiana Pacers,
906,18,25/02/2023 16:30,Madison Square Garden,New York Knicks,New Orleans Pelicans,
907,18,25/02/2023 17:00,FedExForum,Memphis Grizzlies,Denver Nuggets,
908,18,25/02/2023 17:30,Wells Fargo Center,Philadelphia 76ers,Boston Celtics,
909,18,25/02/2023 18:00,Vivint Arena,Utah Jazz,San Antonio Spurs,
910,18,26/02/2023 10:00,Fiserv Forum,Milwaukee Bucks,Phoenix Suns,
911,18,26/02/2023 12:00,State Farm Arena,Atlanta Hawks,Brooklyn Nets,
912,18,26/02/2023 12:30,United Center,Chicago Bulls,Washington Wizards,
913,18,26/02/2023 12:30,American Airlines Center,Dallas Mavericks,Los Angeles Lakers,
914,18,26/02/2023 15:00,Rocket Mortgage FieldHouse,Cleveland Cavaliers,Toronto Raptors,
915,18,26/02/2023 16:00,Paycom Center,Oklahoma City Thunder,Sacramento Kings,
916,18,26/02/2023 16:30,Chase Center,Golden State Warriors,Minnesota Timberwolves,
917,18,26/02/2023 18:00,Moda Center,Portland Trail Blazers,Houston Rockets,
918,18,26/02/2023 19:00,Ball Arena,Denver Nuggets,LA Clippers,
919,18,27/02/2023 16:00,Spectrum Center,Charlotte Hornets,Detroit Pistons,
920,18,27/02/2023 16:00,Wells Fargo Center,Philadelphia 76ers,Miami Heat,
921,18,27/02/2023 16:30,Madison Square Garden,New York Knicks,Boston Celtics,
922,18,27/02/2023 17:00,Smoothie King Center,New Orleans Pelicans,Orlando Magic,
923,18,28/02/2023 16:30,State Farm Arena,Atlanta Hawks,Washington Wizards,
924,18,28/02/2023 16:30,Barclays Center,Brooklyn Nets,Milwaukee Bucks,
925,18,28/02/2023 16:30,Scotiabank Arena,Toronto Raptors,Chicago Bulls,
926,18,28/02/2023 17:00,Toyota Center,Houston Rockets,Denver Nuggets,
927,18,28/02/2023 17:00,FedExForum,Memphis Grizzlies,Los Angeles Lakers,
928,18,28/02/2023 17:00,Paycom Center,Oklahoma City Thunder,Sacramento Kings,
929,18,28/02/2023 17:30,American Airlines Center,Dallas Mavericks,Indiana Pacers,
930,18,28/02/2023 18:00,Vivint Arena,Utah Jazz,San Antonio Spurs,
931,18,28/02/2023 19:00,Chase Center,Golden State Warriors,Portland Trail Blazers,
932,18,28/02/2023 19:00,Crypto.com Arena,LA Clippers,Minnesota Timberwolves,
933,18,01/03/2023 16:00,Spectrum Center,Charlotte Hornets,Phoenix Suns,
934,18,01/03/2023 16:00,Little Caesars Arena,Detroit Pistons,Chicago Bulls,
935,18,01/03/2023 16:30,TD Garden,Boston Celtics,Cleveland Cavaliers,
936,18,01/03/2023 16:30,FTX Arena,Miami Heat,Philadelphia 76ers,
937,18,01/03/2023 16:30,Madison Square Garden,New York Knicks,Brooklyn Nets,
938,18,01/03/2023 17:00,Toyota Center,Houston Rockets,Memphis Grizzlies,
939,18,01/03/2023 17:00,Fiserv Forum,Milwaukee Bucks,Orlando Magic,
940,18,01/03/2023 17:00,Paycom Center,Oklahoma City Thunder,Los Angeles Lakers,
941,18,01/03/2023 19:00,Moda Center,Portland Trail Blazers,New Orleans Pelicans,
942,19,02/03/2023 16:00,Capital One Arena,Washington Wizards,Toronto Raptors,
943,19,02/03/2023 16:30,American Airlines Center,Dallas Mavericks,Philadelphia 76ers,
944,19,02/03/2023 17:30,AT&T Center,San Antonio Spurs,Indiana Pacers,
945,19,02/03/2023 19:00,Chase Center,Golden State Warriors,LA Clippers,
946,19,03/03/2023 16:00,Spectrum Center,Charlotte Hornets,Orlando Magic,
947,19,03/03/2023 16:30,State Farm Arena,Atlanta Hawks,Portland Trail Blazers,
948,19,03/03/2023 16:30,TD Garden,Boston Celtics,Brooklyn Nets,
949,19,03/03/2023 17:00,FTX Arena,Miami Heat,New York Knicks,
950,19,03/03/2023 17:00,United Center,Chicago Bulls,Phoenix Suns,
951,19,03/03/2023 17:00,Paycom Center,Oklahoma City Thunder,Utah Jazz,
952,19,03/03/2023 19:00,Ball Arena,Denver Nuggets,Memphis Grizzlies,
953,19,03/03/2023 19:00,Chase Center,Golden State Warriors,New Orleans Pelicans,
954,19,03/03/2023 19:00,Golden 1 Center,Sacramento Kings,LA Clippers,
955,19,03/03/2023 19:30,Crypto.com Arena,Los Angeles Lakers,Minnesota Timberwolves,
956,19,04/03/2023 14:00,Capital One Arena,Washington Wizards,Toronto Raptors,
957,19,04/03/2023 16:30,Rocket Mortgage FieldHouse,Cleveland Cavaliers,Detroit Pistons,
958,19,04/03/2023 17:00,FTX Arena,Miami Heat,Atlanta Hawks,
959,19,04/03/2023 17:00,AT&T Center,San Antonio Spurs,Houston Rockets,
960,19,04/03/2023 17:30,Fiserv Forum,Milwaukee Bucks,Philadelphia 76ers,
961,19,04/03/2023 19:00,Golden 1 Center,Sacramento Kings,Minnesota Timberwolves,
962,19,05/03/2023 10:00,American Airlines Center,Dallas Mavericks,Phoenix Suns,
963,19,05/03/2023 12:30,United Center,Chicago Bulls,Indiana Pacers,
964,19,05/03/2023 12:30,Crypto.com Arena,Los Angeles Lakers,Golden State Warriors,
965,19,05/03/2023 15:00,Barclays Center,Brooklyn Nets,Charlotte Hornets,
966,19,05/03/2023 15:00,Amway Center,Orlando Magic,Portland Trail Blazers,
967,19,05/03/2023 16:00,Toyota Center,Houston Rockets,San Antonio Spurs,
968,19,05/03/2023 16:00,Paycom Center,Oklahoma City Thunder,Utah Jazz,
969,19,05/03/2023 16:30,TD Garden,Boston Celtics,New York Knicks,
970,19,05/03/2023 19:00,Crypto.com Arena,LA Clippers,Memphis Grizzlies,
971,19,06/03/2023 16:00,Rocket Mortgage FieldHouse,Cleveland Cavaliers,Boston Celtics,
972,19,06/03/2023 16:00,Gainbridge Fieldhouse,Indiana Pacers,Philadelphia 76ers,
973,19,06/03/2023 16:00,Capital One Arena,Washington Wizards,Milwaukee Bucks,
974,19,06/03/2023 16:30,FTX Arena,Miami Heat,Atlanta Hawks,
975,19,06/03/2023 18:00,Ball Arena,Denver Nuggets,Toronto Raptors,
976,19,06/03/2023 19:00,Golden 1 Center,Sacramento Kings,New Orleans Pelicans,
977,19,07/03/2023 16:00,Little Caesars Arena,Detroit Pistons,Portland Trail Blazers,
978,19,07/03/2023 16:00,Amway Center,Orlando Magic,Milwaukee Bucks,
979,19,07/03/2023 16:30,Madison Square Garden,New York Knicks,Charlotte Hornets,
980,19,07/03/2023 16:30,Target Center,Minnesota Timberwolves,Philadelphia 76ers,
981,19,07/03/2023 17:00,Toyota Center,Houston Rockets,Brooklyn Nets,
982,19,07/03/2023 17:00,Paycom Center,Oklahoma City Thunder,Golden State Warriors,
983,19,07/03/2023 17:30,American Airlines Center,Dallas Mavericks,Utah Jazz,
984,19,07/03/2023 19:00,Crypto.com Arena,Los Angeles Lakers,Memphis Grizzlies,
985,19,08/03/2023 16:00,Capital One Arena,Washington Wizards,Atlanta Hawks,
986,19,08/03/2023 16:30,TD Garden,Boston Celtics,Portland Trail Blazers,
987,19,08/03/2023 16:30,FTX Arena,Miami Heat,Cleveland Cavaliers,
988,19,08/03/2023 16:30,Smoothie King Center,New Orleans Pelicans,Dallas Mavericks,
989,19,08/03/2023 18:00,Ball Arena,Denver Nuggets,Chicago Bulls,
990,19,08/03/2023 18:00,Footprint Center,Phoenix Suns,Oklahoma City Thunder,
991,19,08/03/2023 19:00,Crypto.com Arena,LA Clippers,Toronto Raptors,
992,20,09/03/2023 16:00,Little Caesars Arena,Detroit Pistons,Charlotte Hornets,
993,20,09/03/2023 16:00,Gainbridge Fieldhouse,Indiana Pacers,Houston Rockets,
994,20,09/03/2023 16:00,Amway Center,Orlando Magic,Utah Jazz,
995,20,09/03/2023 16:30,Fiserv Forum,Milwaukee Bucks,Brooklyn Nets,
996,20,09/03/2023 19:00,FedExForum,Memphis Grizzlies,Golden State Warriors,
997,20,09/03/2023 19:00,Golden 1 Center,Sacramento Kings,New York Knicks,
998,20,10/03/2023 16:00,Wells Fargo Center,Philadelphia 76ers,Portland Trail Blazers,
999,20,10/03/2023 16:00,Capital One Arena,Washington Wizards,Atlanta Hawks,
1000,20,10/03/2023 17:00,FTX Arena,Miami Heat,Cleveland Cavaliers,
1001,20,10/03/2023 17:00,Target Center,Minnesota Timberwolves,Brooklyn Nets,
1002,20,10/03/2023 17:00,AT&T Center,San Antonio Spurs,Denver Nuggets,
1003,20,10/03/2023 19:30,Crypto.com Arena,Los Angeles Lakers,Toronto Raptors,
1004,20,11/03/2023 13:00,Crypto.com Arena,LA Clippers,New York Knicks,
1005,20,11/03/2023 16:00,Spectrum Center,Charlotte Hornets,Utah Jazz,
1006,20,11/03/2023 16:00,Little Caesars Arena,Detroit Pistons,Indiana Pacers,
1007,20,11/03/2023 16:00,Amway Center,Orlando Magic,Miami Heat,
1008,20,11/03/2023 16:30,State Farm Arena,Atlanta Hawks,Boston Celtics,
1009,20,11/03/2023 17:00,Toyota Center,Houston Rockets,Chicago Bulls,
1010,20,11/03/2023 17:00,FedExForum,Memphis Grizzlies,Dallas Mavericks,
1011,20,11/03/2023 17:30,Smoothie King Center,New Orleans Pelicans,Oklahoma City Thunder,
1012,20,11/03/2023 17:30,Chase Center,Golden State Warriors,Milwaukee Bucks,
1013,20,11/03/2023 19:00,Footprint Center,Phoenix Suns,Sacramento Kings,
1014,20,12/03/2023 12:30,Ball Arena,Denver Nuggets,Brooklyn Nets,
1015,20,12/03/2023 14:00,Spectrum Center,Charlotte Hornets,Cleveland Cavaliers,
1016,20,12/03/2023 15:00,Wells Fargo Center,Philadelphia 76ers,Washington Wizards,
1017,20,12/03/2023 16:00,Smoothie King Center,New Orleans Pelicans,Portland Trail Blazers,
1018,20,12/03/2023 16:00,AT&T Center,San Antonio Spurs,Oklahoma City Thunder,
1019,20,12/03/2023 18:00,Crypto.com Arena,Los Angeles Lakers,New York Knicks,
1020,20,13/03/2023 16:00,Little Caesars Arena,Detroit Pistons,Indiana Pacers,
1021,20,13/03/2023 16:30,State Farm Arena,Atlanta Hawks,Minnesota Timberwolves,
1022,20,13/03/2023 16:30,FTX Arena,Miami Heat,Utah Jazz,
1023,20,13/03/2023 16:30,American Airlines Center,Dallas Mavericks,Memphis Grizzlies,
1024,20,13/03/2023 17:00,Toyota Center,Houston Rockets,Boston Celtics,
1025,20,13/03/2023 19:00,Chase Center,Golden State Warriors,Phoenix Suns,
1026,20,13/03/2023 19:00,Golden 1 Center,Sacramento Kings,Milwaukee Bucks,
1027,20,14/03/2023 16:00,Spectrum Center,Charlotte Hornets,Cleveland Cavaliers,
1028,20,14/03/2023 16:00,Capital One Arena,Washington Wizards,Detroit Pistons,
1029,20,14/03/2023 16:30,Scotiabank Arena,Toronto Raptors,Denver Nuggets,
1030,20,14/03/2023 17:00,Smoothie King Center,New Orleans Pelicans,Los Angeles Lakers,
1031,20,14/03/2023 17:00,Paycom Center,Oklahoma City Thunder,Brooklyn Nets,
1032,20,14/03/2023 17:00,AT&T Center,San Antonio Spurs,Orlando Magic,
1033,20,14/03/2023 19:00,Footprint Center,Phoenix Suns,Milwaukee Bucks,
1034,20,14/03/2023 19:00,Moda Center,Portland Trail Blazers,New York Knicks,
1035,20,15/03/2023 16:30,Rocket Mortgage FieldHouse,Cleveland Cavaliers,Philadelphia 76ers,
1036,20,15/03/2023 16:30,FTX Arena,Miami Heat,Memphis Grizzlies,
1037,20,15/03/2023 17:00,United Center,Chicago Bulls,Sacramento Kings,
1038,20,15/03/2023 17:00,Toyota Center,Houston Rockets,Los Angeles Lakers,
1039,20,15/03/2023 17:00,Target Center,Minnesota Timberwolves,Boston Celtics,
1040,20,15/03/2023 17:30,AT&T Center,San Antonio Spurs,Dallas Mavericks,
1041,20,15/03/2023 19:00,Crypto.com Arena,LA Clippers,Golden State Warriors,
1042,21,16/03/2023 16:00,Little Caesars Arena,Detroit Pistons,Denver Nuggets,
1043,21,16/03/2023 16:30,Barclays Center,Brooklyn Nets,Sacramento Kings,
1044,21,16/03/2023 16:30,Scotiabank Arena,Toronto Raptors,Oklahoma City Thunder,
1045,21,16/03/2023 17:00,Fiserv Forum,Milwaukee Bucks,Indiana Pacers,
1046,21,16/03/2023 19:00,Footprint Center,Phoenix Suns,Orlando Magic,
1047,21,17/03/2023 16:00,Spectrum Center,Charlotte Hornets,Philadelphia 76ers,
1048,21,17/03/2023 16:30,State Farm Arena,Atlanta Hawks,Golden State Warriors,
1049,21,17/03/2023 16:30,Rocket Mortgage FieldHouse,Cleveland Cavaliers,Washington Wizards,
1050,21,17/03/2023 17:00,United Center,Chicago Bulls,Minnesota Timberwolves,
1051,21,17/03/2023 17:00,Toyota Center,Houston Rockets,New Orleans Pelicans,
1052,21,17/03/2023 17:00,AT&T Center,San Antonio Spurs,Memphis Grizzlies,
1053,21,17/03/2023 19:00,Moda Center,Portland Trail Blazers,Boston Celtics,
1054,21,17/03/2023 19:30,Crypto.com Arena,Los Angeles Lakers,Dallas Mavericks,
1055,21,18/03/2023 10:00,Madison Square Garden,New York Knicks,Denver Nuggets,
1056,21,18/03/2023 12:00,Crypto.com Arena,LA Clippers,Orlando Magic,
1057,21,18/03/2023 16:00,Gainbridge Fieldhouse,Indiana Pacers,Philadelphia 76ers,
1058,21,18/03/2023 16:00,Scotiabank Arena,Toronto Raptors,Minnesota Timberwolves,
1059,21,18/03/2023 17:00,Capital One Arena,Washington Wizards,Sacramento Kings,
1060,21,18/03/2023 17:00,United Center,Chicago Bulls,Miami Heat,
1061,21,18/03/2023 17:00,FedExForum,Memphis Grizzlies,Golden State Warriors,
1062,21,18/03/2023 18:00,Vivint Arena,Utah Jazz,Boston Celtics,
1063,21,19/03/2023 12:30,Barclays Center,Brooklyn Nets,Denver Nuggets,
1064,21,19/03/2023 12:30,Paycom Center,Oklahoma City Thunder,Phoenix Suns,
1065,21,19/03/2023 13:00,AT&T Center,San Antonio Spurs,Atlanta Hawks,
1066,21,19/03/2023 15:00,Little Caesars Arena,Detroit Pistons,Miami Heat,
1067,21,19/03/2023 16:00,Toyota Center,Houston Rockets,New Orleans Pelicans,
1068,21,19/03/2023 17:00,Fiserv Forum,Milwaukee Bucks,Toronto Raptors,
1069,21,19/03/2023 18:00,Moda Center,Portland Trail Blazers,LA Clippers,
1070,21,19/03/2023 18:30,Crypto.com Arena,Los Angeles Lakers,Orlando Magic,
1071,21,20/03/2023 16:00,Spectrum Center,Charlotte Hornets,Indiana Pacers,
1072,21,20/03/2023 16:00,Wells Fargo Center,Philadelphia 76ers,Chicago Bulls,
1073,21,20/03/2023 16:30,Madison Square Garden,New York Knicks,Minnesota Timberwolves,
1074,21,20/03/2023 17:00,Toyota Center,Houston Rockets,Golden State Warriors,
1075,21,20/03/2023 17:00,FedExForum,Memphis Grizzlies,Dallas Mavericks,
1076,21,20/03/2023 18:00,Vivint Arena,Utah Jazz,Sacramento Kings,
1077,21,21/03/2023 16:00,Amway Center,Orlando Magic,Washington Wizards,
1078,21,21/03/2023 16:30,State Farm Arena,Atlanta Hawks,Detroit Pistons,
1079,21,21/03/2023 16:30,Barclays Center,Brooklyn Nets,Cleveland Cavaliers,
1080,21,21/03/2023 17:00,Smoothie King Center,New Orleans Pelicans,San Antonio Spurs,
1081,21,21/03/2023 19:00,Golden 1 Center,Sacramento Kings,Boston Celtics,
1082,21,21/03/2023 19:30,Crypto.com Arena,LA Clippers,Oklahoma City Thunder,
1083,21,22/03/2023 16:00,Capital One Arena,Washington Wizards,Denver Nuggets,
1084,21,22/03/2023 16:30,FTX Arena,Miami Heat,New York Knicks,
1085,21,22/03/2023 16:30,Scotiabank Arena,Toronto Raptors,Indiana Pacers,
1086,21,22/03/2023 16:30,American Airlines Center,Dallas Mavericks,Golden State Warriors,
1087,21,22/03/2023 17:00,United Center,Chicago Bulls,Philadelphia 76ers,
1088,21,22/03/2023 17:00,FedExForum,Memphis Grizzlies,Houston Rockets,
1089,21,22/03/2023 17:00,Fiserv Forum,Milwaukee Bucks,San Antonio Spurs,
1090,21,22/03/2023 17:00,Target Center,Minnesota Timberwolves,Atlanta Hawks,
1091,21,22/03/2023 18:00,Vivint Arena,Utah Jazz,Portland Trail Blazers,
1092,21,22/03/2023 19:00,Crypto.com Arena,Los Angeles Lakers,Phoenix Suns,
1093,22,23/03/2023 16:00,Amway Center,Orlando Magic,New York Knicks,
1094,22,23/03/2023 16:30,Barclays Center,Brooklyn Nets,Cleveland Cavaliers,
1095,22,23/03/2023 17:00,Smoothie King Center,New Orleans Pelicans,Charlotte Hornets,
1096,22,23/03/2023 19:30,Crypto.com Arena,LA Clippers,Oklahoma City Thunder,
1097,22,24/03/2023 16:00,TD Garden,Boston Celtics,Indiana Pacers,
1098,22,24/03/2023 16:00,Capital One Arena,Washington Wizards,San Antonio Spurs,
1099,22,24/03/2023 16:30,Scotiabank Arena,Toronto Raptors,Detroit Pistons,
1100,22,24/03/2023 17:00,FedExForum,Memphis Grizzlies,Houston Rockets,
1101,22,24/03/2023 17:30,American Airlines Center,Dallas Mavericks,Charlotte Hornets,
1102,22,24/03/2023 18:00,Vivint Arena,Utah Jazz,Milwaukee Bucks,
1103,22,24/03/2023 19:00,Chase Center,Golden State Warriors,Philadelphia 76ers,
1104,22,24/03/2023 19:00,Moda Center,Portland Trail Blazers,Chicago Bulls,
1105,22,24/03/2023 19:00,Golden 1 Center,Sacramento Kings,Phoenix Suns,
1106,22,24/03/2023 19:30,Crypto.com Arena,Los Angeles Lakers,Oklahoma City Thunder,
1107,22,25/03/2023 14:00,State Farm Arena,Atlanta Hawks,Indiana Pacers,
1108,22,25/03/2023 17:00,FTX Arena,Miami Heat,Brooklyn Nets,
1109,22,25/03/2023 18:00,Ball Arena,Denver Nuggets,Milwaukee Bucks,
1110,22,25/03/2023 19:00,Footprint Center,Phoenix Suns,Philadelphia 76ers,
1111,22,25/03/2023 19:00,Golden 1 Center,Sacramento Kings,Utah Jazz,
1112,22,25/03/2023 19:30,Crypto.com Arena,LA Clippers,New Orleans Pelicans,
1113,22,26/03/2023 10:00,Spectrum Center,Charlotte Hornets,Dallas Mavericks,
1114,22,26/03/2023 12:30,Crypto.com Arena,Los Angeles Lakers,Chicago Bulls,
1115,22,26/03/2023 15:00,State Farm Arena,Atlanta Hawks,Memphis Grizzlies,
1116,22,26/03/2023 15:00,TD Garden,Boston Celtics,San Antonio Spurs,
1117,22,26/03/2023 15:00,Rocket Mortgage FieldHouse,Cleveland Cavaliers,Houston Rockets,
1118,22,26/03/2023 15:00,Amway Center,Orlando Magic,Brooklyn Nets,
1119,22,26/03/2023 15:00,Scotiabank Arena,Toronto Raptors,Washington Wizards,
1120,22,26/03/2023 16:00,Moda Center,Portland Trail Blazers,Oklahoma City Thunder,
1121,22,26/03/2023 17:30,Chase Center,Golden State Warriors,Minnesota Timberwolves,
1122,22,27/03/2023 16:00,Little Caesars Arena,Detroit Pistons,Milwaukee Bucks,
1123,22,27/03/2023 16:00,Gainbridge Fieldhouse,Indiana Pacers,Dallas Mavericks,
1124,22,27/03/2023 16:30,Madison Square Garden,New York Knicks,Houston Rockets,
1125,22,27/03/2023 18:00,Vivint Arena,Utah Jazz,Phoenix Suns,
1126,22,27/03/2023 18:30,Ball Arena,Denver Nuggets,Philadelphia 76ers,
1127,22,27/03/2023 19:00,Moda Center,Portland Trail Blazers,New Orleans Pelicans,
1128,22,27/03/2023 19:00,Golden 1 Center,Sacramento Kings,Minnesota Timberwolves,
1129,22,27/03/2023 19:30,Crypto.com Arena,LA Clippers,Chicago Bulls,
1130,22,28/03/2023 16:00,Capital One Arena,Washington Wizards,Boston Celtics,
1131,22,28/03/2023 16:30,State Farm Arena,Atlanta Hawks,Cleveland Cavaliers,
1132,22,28/03/2023 16:30,Scotiabank Arena,Toronto Raptors,Miami Heat,
1133,22,28/03/2023 17:00,FedExForum,Memphis Grizzlies,Orlando Magic,
1134,22,28/03/2023 17:00,Paycom Center,Oklahoma City Thunder,Charlotte Hornets,
1135,22,28/03/2023 19:00,Chase Center,Golden State Warriors,New Orleans Pelicans,
1136,22,29/03/2023 16:00,Gainbridge Fieldhouse,Indiana Pacers,Milwaukee Bucks,
1137,22,29/03/2023 16:30,Barclays Center,Brooklyn Nets,Houston Rockets,
1138,22,29/03/2023 16:30,Madison Square Garden,New York Knicks,Miami Heat,
1139,22,29/03/2023 16:30,Wells Fargo Center,Philadelphia 76ers,Dallas Mavericks,
1140,22,29/03/2023 17:00,United Center,Chicago Bulls,Los Angeles Lakers,
1141,22,29/03/2023 17:00,FedExForum,Memphis Grizzlies,LA Clippers,
1142,22,29/03/2023 17:00,Paycom Center,Oklahoma City Thunder,Detroit Pistons,
1143,22,29/03/2023 17:00,AT&T Center,San Antonio Spurs,Utah Jazz,
1144,22,29/03/2023 19:00,Footprint Center,Phoenix Suns,Minnesota Timberwolves,
1145,22,29/03/2023 19:00,Moda Center,Portland Trail Blazers,Sacramento Kings,
1146,23,30/03/2023 16:30,Fiserv Forum,Milwaukee Bucks,Boston Celtics,
1147,23,30/03/2023 19:00,Ball Arena,Denver Nuggets,New Orleans Pelicans,
1148,23,31/03/2023 16:00,Spectrum Center,Charlotte Hornets,Chicago Bulls,
1149,23,31/03/2023 16:00,Gainbridge Fieldhouse,Indiana Pacers,Oklahoma City Thunder,
1150,23,31/03/2023 16:00,Wells Fargo Center,Philadelphia 76ers,Toronto Raptors,
1151,23,31/03/2023 16:00,Capital One Arena,Washington Wizards,Orlando Magic,
1152,23,31/03/2023 16:30,TD Garden,Boston Celtics,Utah Jazz,
1153,23,31/03/2023 16:30,Barclays Center,Brooklyn Nets,Atlanta Hawks,
1154,23,31/03/2023 16:30,Rocket Mortgage FieldHouse,Cleveland Cavaliers,New York Knicks,
1155,23,31/03/2023 17:00,Toyota Center,Houston Rockets,Detroit Pistons,
1156,23,31/03/2023 17:00,FedExForum,Memphis Grizzlies,LA Clippers,
1157,23,31/03/2023 17:00,Target Center,Minnesota Timberwolves,Los Angeles Lakers,
1158,23,31/03/2023 19:00,Chase Center,Golden State Warriors,San Antonio Spurs,
1159,23,31/03/2023 19:00,Moda Center,Portland Trail Blazers,Sacramento Kings,
1160,23,31/03/2023 19:30,Footprint Center,Phoenix Suns,Denver Nuggets,
1161,23,01/04/2023 16:30,FTX Arena,Miami Heat,Dallas Mavericks,
1162,23,01/04/2023 17:30,Smoothie King Center,New Orleans Pelicans,LA Clippers,
1163,23,02/04/2023 10:00,Spectrum Center,Charlotte Hornets,Toronto Raptors,
1164,23,02/04/2023 12:30,Barclays Center,Brooklyn Nets,Utah Jazz,
1165,23,02/04/2023 12:30,United Center,Chicago Bulls,Memphis Grizzlies,
1166,23,02/04/2023 12:30,Target Center,Minnesota Timberwolves,Portland Trail Blazers,
1167,23,02/04/2023 15:00,State Farm Arena,Atlanta Hawks,Dallas Mavericks,
1168,23,02/04/2023 15:00,Madison Square Garden,New York Knicks,Washington Wizards,
1169,23,02/04/2023 15:00,Amway Center,Orlando Magic,Detroit Pistons,
1170,23,02/04/2023 15:00,Golden 1 Center,Sacramento Kings,San Antonio Spurs,
1171,23,02/04/2023 16:00,Toyota Center,Houston Rockets,Los Angeles Lakers,
1172,23,02/04/2023 16:00,Paycom Center,Oklahoma City Thunder,Phoenix Suns,
1173,23,02/04/2023 17:00,Rocket Mortgage FieldHouse,Cleveland Cavaliers,Indiana Pacers,
1174,23,02/04/2023 17:00,Fiserv Forum,Milwaukee Bucks,Philadelphia 76ers,
1175,23,02/04/2023 17:30,Ball Arena,Denver Nuggets,Golden State Warriors,
1176,23,04/04/2023 16:00,Spectrum Center,Charlotte Hornets,Toronto Raptors,
1177,23,04/04/2023 16:00,Little Caesars Arena,Detroit Pistons,Miami Heat,
1178,23,04/04/2023 16:00,Amway Center,Orlando Magic,Cleveland Cavaliers,
1179,23,04/04/2023 16:00,Capital One Arena,Washington Wizards,Milwaukee Bucks,
1180,23,04/04/2023 16:30,Barclays Center,Brooklyn Nets,Minnesota Timberwolves,
1181,23,04/04/2023 17:00,Wells Fargo Center,Philadelphia 76ers,Boston Celtics,
1182,23,04/04/2023 17:00,United Center,Chicago Bulls,Atlanta Hawks,
1183,23,04/04/2023 17:00,Toyota Center,Houston Rockets,Denver Nuggets,
1184,23,04/04/2023 17:00,FedExForum,Memphis Grizzlies,Portland Trail Blazers,
1185,23,04/04/2023 17:00,Smoothie King Center,New Orleans Pelicans,Sacramento Kings,
1186,23,04/04/2023 18:00,Vivint Arena,Utah Jazz,Los Angeles Lakers,
1187,23,04/04/2023 19:00,Chase Center,Golden State Warriors,Oklahoma City Thunder,
1188,23,04/04/2023 19:00,Footprint Center,Phoenix Suns,San Antonio Spurs,
1189,23,05/04/2023 16:00,Little Caesars Arena,Detroit Pistons,Brooklyn Nets,
1190,23,05/04/2023 16:00,Gainbridge Fieldhouse,Indiana Pacers,New York Knicks,
1191,23,05/04/2023 16:30,State Farm Arena,Atlanta Hawks,Washington Wizards,
1192,23,05/04/2023 16:30,TD Garden,Boston Celtics,Toronto Raptors,
1193,23,05/04/2023 16:30,Fiserv Forum,Milwaukee Bucks,Chicago Bulls,
1194,23,05/04/2023 17:00,Smoothie King Center,New Orleans Pelicans,Memphis Grizzlies,
1195,23,05/04/2023 17:30,American Airlines Center,Dallas Mavericks,Sacramento Kings,
1196,23,05/04/2023 19:00,Crypto.com Arena,LA Clippers,Los Angeles Lakers,
1197,24,06/04/2023 16:00,Amway Center,Orlando Magic,Cleveland Cavaliers,
1198,24,06/04/2023 16:30,Wells Fargo Center,Philadelphia 76ers,Miami Heat,
1199,24,06/04/2023 17:00,Moody Center,San Antonio Spurs,Portland Trail Blazers,
1200,24,06/04/2023 18:00,Vivint Arena,Utah Jazz,Oklahoma City Thunder,
1201,24,06/04/2023 19:00,Footprint Center,Phoenix Suns,Denver Nuggets,
1202,24,07/04/2023 16:00,Spectrum Center,Charlotte Hornets,Houston Rockets,
1203,24,07/04/2023 16:00,Gainbridge Fieldhouse,Indiana Pacers,Detroit Pistons,
1204,24,07/04/2023 16:00,Capital One Arena,Washington Wizards,Miami Heat,
1205,24,07/04/2023 16:30,State Farm Arena,Atlanta Hawks,Philadelphia 76ers,
1206,24,07/04/2023 16:30,TD Garden,Boston Celtics,Toronto Raptors,
1207,24,07/04/2023 16:30,Barclays Center,Brooklyn Nets,Orlando Magic,
1208,24,07/04/2023 17:00,Fiserv Forum,Milwaukee Bucks,Memphis Grizzlies,
1209,24,07/04/2023 17:00,Smoothie King Center,New Orleans Pelicans,New York Knicks,
1210,24,07/04/2023 17:30,American Airlines Center,Dallas Mavericks,Chicago Bulls,
1211,24,07/04/2023 19:00,Golden 1 Center,Sacramento Kings,Golden State Warriors,
1212,24,07/04/2023 19:30,Crypto.com Arena,Los Angeles Lakers,Phoenix Suns,
1213,24,08/04/2023 12:30,Vivint Arena,Utah Jazz,Denver Nuggets,
1214,24,08/04/2023 13:00,Moody Center,San Antonio Spurs,Minnesota Timberwolves,
1215,24,08/04/2023 13:00,Crypto.com Arena,LA Clippers,Portland Trail Blazers,
1216,24,09/04/2023 10:00,TD Garden,Boston Celtics,Atlanta Hawks,
1217,24,09/04/2023 10:00,Barclays Center,Brooklyn Nets,Philadelphia 76ers,
1218,24,09/04/2023 10:00,Rocket Mortgage FieldHouse,Cleveland Cavaliers,Charlotte Hornets,
1219,24,09/04/2023 10:00,FTX Arena,Miami Heat,Orlando Magic,
1220,24,09/04/2023 10:00,Madison Square Garden,New York Knicks,Indiana Pacers,
1221,24,09/04/2023 10:00,Scotiabank Arena,Toronto Raptors,Milwaukee Bucks,
1222,24,09/04/2023 10:00,Capital One Arena,Washington Wizards,Houston Rockets,
1223,24,09/04/2023 10:00,United Center,Chicago Bulls,Detroit Pistons,
1224,24,09/04/2023 12:30,American Airlines Center,Dallas Mavericks,San Antonio Spurs,
1225,24,09/04/2023 12:30,Target Center,Minnesota Timberwolves,New Orleans Pelicans,
1226,24,09/04/2023 12:30,Paycom Center,Oklahoma City Thunder,Memphis Grizzlies,
1227,24,09/04/2023 12:30,Ball Arena,Denver Nuggets,Sacramento Kings,
1228,24,09/04/2023 12:30,Crypto.com Arena,Los Angeles Lakers,Utah Jazz,
1229,24,09/04/2023 12:30,Footprint Center,Phoenix Suns,LA Clippers,
1230,24,09/04/2023 12:30,Moda Center,Portland Trail Blazers,Golden State Warriors,
